-- phpMyAdmin SQL Dump
-- version 4.9.0.1
-- https://www.phpmyadmin.net/
--
-- Host: 127.0.0.1
-- Generation Time: Dec 19, 2019 at 02:09 PM
-- Server version: 10.4.6-MariaDB
-- PHP Version: 7.3.9

SET SQL_MODE = "NO_AUTO_VALUE_ON_ZERO";
SET AUTOCOMMIT = 0;
START TRANSACTION;
SET time_zone = "+00:00";


/*!40101 SET @OLD_CHARACTER_SET_CLIENT=@@CHARACTER_SET_CLIENT */;
/*!40101 SET @OLD_CHARACTER_SET_RESULTS=@@CHARACTER_SET_RESULTS */;
/*!40101 SET @OLD_COLLATION_CONNECTION=@@COLLATION_CONNECTION */;
/*!40101 SET NAMES utf8mb4 */;

--
-- Database: `poll_app`
--

-- --------------------------------------------------------

--
-- Table structure for table `tbl_companies`
--

CREATE TABLE `tbl_companies` (
  `id` int(15) NOT NULL,
  `name` varchar(100) NOT NULL,
  `email` varchar(100) NOT NULL,
  `phone` varchar(20) NOT NULL,
  `password` varchar(150) NOT NULL,
  `logo` varchar(150) NOT NULL,
  `email_verified` tinyint(1) NOT NULL DEFAULT 0 COMMENT '1="Verified", 0="Not Verified"',
  `email_verification_code` varchar(100) DEFAULT NULL,
  `bought_package` tinyint(1) NOT NULL DEFAULT 0 COMMENT 'whether company bought package or not',
  `package_id` tinyint(2) DEFAULT NULL COMMENT 'what''s the package id',
  `package_bought_at` datetime DEFAULT NULL COMMENT 'when the package was bought',
  `package_bought_for_time` tinyint(2) DEFAULT NULL COMMENT 'package period whether the monthly or quarterly or yearly',
  `country_id` int(15) NOT NULL,
  `created_at` datetime NOT NULL,
  `updated_at` datetime NOT NULL,
  `is_active` tinyint(4) NOT NULL DEFAULT 1
) ENGINE=InnoDB DEFAULT CHARSET=utf8;

--
-- Dumping data for table `tbl_companies`
--

INSERT INTO `tbl_companies` (`id`, `name`, `email`, `phone`, `password`, `logo`, `email_verified`, `email_verification_code`, `bought_package`, `package_id`, `package_bought_at`, `package_bought_for_time`, `country_id`, `created_at`, `updated_at`, `is_active`) VALUES
(1, 'Oval', 'oval@yahoo.com', '04938493999', '123456', '403d336bba3ec9a6d11579b04f20b962.jpg', 1, NULL, 1, 5, NULL, NULL, 18, '0000-00-00 00:00:00', '0000-00-00 00:00:00', 1),
(2, 'Enata', 'enata@yahoo.com', '01993938483', '1234567', '06c53e29c6c6be7e86d780867c77981a.png', 0, NULL, 0, NULL, NULL, NULL, 18, '0000-00-00 00:00:00', '0000-00-00 00:00:00', 1),
(3, 'Hatil', 'hatil@yahoo.com', '049439895899', '123456', 'ab2fe94ca689d6102987700b0d424242.jpg', 1, NULL, 0, NULL, NULL, NULL, 18, '0000-00-00 00:00:00', '0000-00-00 00:00:00', 1),
(4, 'Bahadur', 'bahadur@yahoo.com', '039483948399', '123456', '6deebac8e76e184c26cc827fc65889c3.jpg', 0, NULL, 0, NULL, NULL, NULL, 18, '0000-00-00 00:00:00', '0000-00-00 00:00:00', 1),
(5, 'Smile', 'smile@yahoo.com', '01938493859', '123456', 'e71c4ffb5ac9e5ada4dc8debf905fe22.jpg', 1, NULL, 0, NULL, NULL, NULL, 18, '0000-00-00 00:00:00', '0000-00-00 00:00:00', 1);

-- --------------------------------------------------------

--
-- Table structure for table `tbl_countries`
--

CREATE TABLE `tbl_countries` (
  `id` int(3) NOT NULL,
  `code` varchar(3) NOT NULL,
  `name` varchar(50) NOT NULL
) ENGINE=InnoDB DEFAULT CHARSET=utf8;

--
-- Dumping data for table `tbl_countries`
--

INSERT INTO `tbl_countries` (`id`, `code`, `name`) VALUES
(1, 'AF', 'Afghanistan'),
(2, 'AL', 'Albania'),
(3, 'DZ', 'Algeria'),
(4, 'DS', 'American Samoa'),
(5, 'AD', 'Andorra'),
(6, 'AO', 'Angola'),
(7, 'AI', 'Anguilla'),
(8, 'AQ', 'Antarctica'),
(9, 'AG', 'Antigua and Barbuda'),
(10, 'AR', 'Argentina'),
(11, 'AM', 'Armenia'),
(12, 'AW', 'Aruba'),
(13, 'AU', 'Australia'),
(14, 'AT', 'Austria'),
(15, 'AZ', 'Azerbaijan'),
(16, 'BS', 'Bahamas'),
(17, 'BH', 'Bahrain'),
(18, 'BD', 'Bangladesh'),
(19, 'BB', 'Barbados'),
(20, 'BY', 'Belarus'),
(21, 'BE', 'Belgium'),
(22, 'BZ', 'Belize'),
(23, 'BJ', 'Benin'),
(24, 'BM', 'Bermuda'),
(25, 'BT', 'Bhutan'),
(26, 'BO', 'Bolivia'),
(27, 'BA', 'Bosnia and Herzegovina'),
(28, 'BW', 'Botswana'),
(29, 'BV', 'Bouvet Island'),
(30, 'BR', 'Brazil'),
(31, 'IO', 'British Indian Ocean Territory'),
(32, 'BN', 'Brunei Darussalam'),
(33, 'BG', 'Bulgaria'),
(34, 'BF', 'Burkina Faso'),
(35, 'BI', 'Burundi'),
(36, 'KH', 'Cambodia'),
(37, 'CM', 'Cameroon'),
(38, 'CA', 'Canada'),
(39, 'CV', 'Cape Verde'),
(40, 'KY', 'Cayman Islands'),
(41, 'CF', 'Central African Republic'),
(42, 'TD', 'Chad'),
(43, 'CL', 'Chile'),
(44, 'CN', 'China'),
(45, 'CX', 'Christmas Island'),
(46, 'CC', 'Cocos (Keeling) Islands'),
(47, 'CO', 'Colombia'),
(48, 'KM', 'Comoros'),
(49, 'CD', 'Democratic Republic of the Congo'),
(50, 'CG', 'Republic of Congo'),
(51, 'CK', 'Cook Islands'),
(52, 'CR', 'Costa Rica'),
(53, 'HR', 'Croatia (Hrvatska)'),
(54, 'CU', 'Cuba'),
(55, 'CY', 'Cyprus'),
(56, 'CZ', 'Czech Republic'),
(57, 'DK', 'Denmark'),
(58, 'DJ', 'Djibouti'),
(59, 'DM', 'Dominica'),
(60, 'DO', 'Dominican Republic'),
(61, 'TP', 'East Timor'),
(62, 'EC', 'Ecuador'),
(63, 'EG', 'Egypt'),
(64, 'SV', 'El Salvador'),
(65, 'GQ', 'Equatorial Guinea'),
(66, 'ER', 'Eritrea'),
(67, 'EE', 'Estonia'),
(68, 'ET', 'Ethiopia'),
(69, 'FK', 'Falkland Islands (Malvinas)'),
(70, 'FO', 'Faroe Islands'),
(71, 'FJ', 'Fiji'),
(72, 'FI', 'Finland'),
(73, 'FR', 'France'),
(74, 'FX', 'France, Metropolitan'),
(75, 'GF', 'French Guiana'),
(76, 'PF', 'French Polynesia'),
(77, 'TF', 'French Southern Territories'),
(78, 'GA', 'Gabon'),
(79, 'GM', 'Gambia'),
(80, 'GE', 'Georgia'),
(81, 'DE', 'Germany'),
(82, 'GH', 'Ghana'),
(83, 'GI', 'Gibraltar'),
(84, 'GK', 'Guernsey'),
(85, 'GR', 'Greece'),
(86, 'GL', 'Greenland'),
(87, 'GD', 'Grenada'),
(88, 'GP', 'Guadeloupe'),
(89, 'GU', 'Guam'),
(90, 'GT', 'Guatemala'),
(91, 'GN', 'Guinea'),
(92, 'GW', 'Guinea-Bissau'),
(93, 'GY', 'Guyana'),
(94, 'HT', 'Haiti'),
(95, 'HM', 'Heard and Mc Donald Islands'),
(96, 'HN', 'Honduras'),
(97, 'HK', 'Hong Kong'),
(98, 'HU', 'Hungary'),
(99, 'IS', 'Iceland'),
(100, 'IN', 'India'),
(101, 'IM', 'Isle of Man'),
(102, 'ID', 'Indonesia'),
(103, 'IR', 'Iran (Islamic Republic of)'),
(104, 'IQ', 'Iraq'),
(105, 'IE', 'Ireland'),
(106, 'IL', 'Israel'),
(107, 'IT', 'Italy'),
(108, 'CI', 'Ivory Coast'),
(109, 'JE', 'Jersey'),
(110, 'JM', 'Jamaica'),
(111, 'JP', 'Japan'),
(112, 'JO', 'Jordan'),
(113, 'KZ', 'Kazakhstan'),
(114, 'KE', 'Kenya'),
(115, 'KI', 'Kiribati'),
(116, 'KP', 'Korea, Democratic People\'s Republic of'),
(117, 'KR', 'Korea, Republic of'),
(118, 'XK', 'Kosovo'),
(119, 'KW', 'Kuwait'),
(120, 'KG', 'Kyrgyzstan'),
(121, 'LA', 'Lao People\'s Democratic Republic'),
(122, 'LV', 'Latvia'),
(123, 'LB', 'Lebanon'),
(124, 'LS', 'Lesotho'),
(125, 'LR', 'Liberia'),
(126, 'LY', 'Libyan Arab Jamahiriya'),
(127, 'LI', 'Liechtenstein'),
(128, 'LT', 'Lithuania'),
(129, 'LU', 'Luxembourg'),
(130, 'MO', 'Macau'),
(131, 'MK', 'North Macedonia'),
(132, 'MG', 'Madagascar'),
(133, 'MW', 'Malawi'),
(134, 'MY', 'Malaysia'),
(135, 'MV', 'Maldives'),
(136, 'ML', 'Mali'),
(137, 'MT', 'Malta'),
(138, 'MH', 'Marshall Islands'),
(139, 'MQ', 'Martinique'),
(140, 'MR', 'Mauritania'),
(141, 'MU', 'Mauritius'),
(142, 'TY', 'Mayotte'),
(143, 'MX', 'Mexico'),
(144, 'FM', 'Micronesia, Federated States of'),
(145, 'MD', 'Moldova, Republic of'),
(146, 'MC', 'Monaco'),
(147, 'MN', 'Mongolia'),
(148, 'ME', 'Montenegro'),
(149, 'MS', 'Montserrat'),
(150, 'MA', 'Morocco'),
(151, 'MZ', 'Mozambique'),
(152, 'MM', 'Myanmar'),
(153, 'NA', 'Namibia'),
(154, 'NR', 'Nauru'),
(155, 'NP', 'Nepal'),
(156, 'NL', 'Netherlands'),
(157, 'AN', 'Netherlands Antilles'),
(158, 'NC', 'New Caledonia'),
(159, 'NZ', 'New Zealand'),
(160, 'NI', 'Nicaragua'),
(161, 'NE', 'Niger'),
(162, 'NG', 'Nigeria'),
(163, 'NU', 'Niue'),
(164, 'NF', 'Norfolk Island'),
(165, 'MP', 'Northern Mariana Islands'),
(166, 'NO', 'Norway'),
(167, 'OM', 'Oman'),
(168, 'PK', 'Pakistan'),
(169, 'PW', 'Palau'),
(170, 'PS', 'Palestine'),
(171, 'PA', 'Panama'),
(172, 'PG', 'Papua New Guinea'),
(173, 'PY', 'Paraguay'),
(174, 'PE', 'Peru'),
(175, 'PH', 'Philippines'),
(176, 'PN', 'Pitcairn'),
(177, 'PL', 'Poland'),
(178, 'PT', 'Portugal'),
(179, 'PR', 'Puerto Rico'),
(180, 'QA', 'Qatar'),
(181, 'RE', 'Reunion'),
(182, 'RO', 'Romania'),
(183, 'RU', 'Russian Federation'),
(184, 'RW', 'Rwanda'),
(185, 'KN', 'Saint Kitts and Nevis'),
(186, 'LC', 'Saint Lucia'),
(187, 'VC', 'Saint Vincent and the Grenadines'),
(188, 'WS', 'Samoa'),
(189, 'SM', 'San Marino'),
(190, 'ST', 'Sao Tome and Principe'),
(191, 'SA', 'Saudi Arabia'),
(192, 'SN', 'Senegal'),
(193, 'RS', 'Serbia'),
(194, 'SC', 'Seychelles'),
(195, 'SL', 'Sierra Leone'),
(196, 'SG', 'Singapore'),
(197, 'SK', 'Slovakia'),
(198, 'SI', 'Slovenia'),
(199, 'SB', 'Solomon Islands'),
(200, 'SO', 'Somalia'),
(201, 'ZA', 'South Africa'),
(202, 'GS', 'South Georgia South Sandwich Islands'),
(203, 'SS', 'South Sudan'),
(204, 'ES', 'Spain'),
(205, 'LK', 'Sri Lanka'),
(206, 'SH', 'St. Helena'),
(207, 'PM', 'St. Pierre and Miquelon'),
(208, 'SD', 'Sudan'),
(209, 'SR', 'Suriname'),
(210, 'SJ', 'Svalbard and Jan Mayen Islands'),
(211, 'SZ', 'Swaziland'),
(212, 'SE', 'Sweden'),
(213, 'CH', 'Switzerland'),
(214, 'SY', 'Syrian Arab Republic'),
(215, 'TW', 'Taiwan'),
(216, 'TJ', 'Tajikistan'),
(217, 'TZ', 'Tanzania, United Republic of'),
(218, 'TH', 'Thailand'),
(219, 'TG', 'Togo'),
(220, 'TK', 'Tokelau'),
(221, 'TO', 'Tonga'),
(222, 'TT', 'Trinidad and Tobago'),
(223, 'TN', 'Tunisia'),
(224, 'TR', 'Turkey'),
(225, 'TM', 'Turkmenistan'),
(226, 'TC', 'Turks and Caicos Islands'),
(227, 'TV', 'Tuvalu'),
(228, 'UG', 'Uganda'),
(229, 'UA', 'Ukraine'),
(230, 'AE', 'United Arab Emirates'),
(231, 'GB', 'United Kingdom'),
(232, 'US', 'United States'),
(233, 'UM', 'United States minor outlying islands'),
(234, 'UY', 'Uruguay'),
(235, 'UZ', 'Uzbekistan'),
(236, 'VU', 'Vanuatu'),
(237, 'VA', 'Vatican City State'),
(238, 'VE', 'Venezuela'),
(239, 'VN', 'Vietnam'),
(240, 'VG', 'Virgin Islands (British)'),
(241, 'VI', 'Virgin Islands (U.S.)'),
(242, 'WF', 'Wallis and Futuna Islands'),
(243, 'EH', 'Western Sahara'),
(244, 'YE', 'Yemen'),
(245, 'ZM', 'Zambia'),
(246, 'ZW', 'Zimbabwe');

-- --------------------------------------------------------

--
-- Table structure for table `tbl_galtons`
--

CREATE TABLE `tbl_galtons` (
  `id` int(15) NOT NULL,
  `galton_color` varchar(15) NOT NULL,
  `icon_file_name` varchar(150) NOT NULL,
  `company_id` int(15) NOT NULL
) ENGINE=InnoDB DEFAULT CHARSET=utf8;

--
-- Dumping data for table `tbl_galtons`
--

INSERT INTO `tbl_galtons` (`id`, `galton_color`, `icon_file_name`, `company_id`) VALUES
(1, '7f7aff', 'f8b2db1ea5b878ae75a3caf4c749d847.jpg', 1);

-- --------------------------------------------------------

--
-- Table structure for table `tbl_icons`
--

CREATE TABLE `tbl_icons` (
  `id` int(15) NOT NULL,
  `icon_name` varchar(100) NOT NULL,
  `icon_detail` varchar(500) NOT NULL,
  `icon_file_name` varchar(150) NOT NULL,
  `company_id` int(15) NOT NULL,
  `created_at` datetime NOT NULL,
  `updated_at` datetime NOT NULL
) ENGINE=InnoDB DEFAULT CHARSET=utf8;

--
-- Dumping data for table `tbl_icons`
--

INSERT INTO `tbl_icons` (`id`, `icon_name`, `icon_detail`, `icon_file_name`, `company_id`, `created_at`, `updated_at`) VALUES
(1, 'Leonardo DiCaprio', 'DiCaprio began his career by appearing in television commercials in the late 1980s. He next had recurring roles in various television series, such as the soap opera Santa Barbara and the sitcom Growing Pains. He debuted in his film career by starring as Josh in Critters 3 (1991).', '642fb136ec475b04126b8c5a6c7992ba.jpg', 1, '0000-00-00 00:00:00', '0000-00-00 00:00:00'),
(2, 'Sir Isaac Newton', 'PRS (25 December 1642 – 20 March 1726/27[a]) was an English mathematician, physicist, astronomer, theologian, and author (described in his own day as a &quot;natural philosopher&quot;) who is widely recognised as one of the most influential scientists of all time, and a key figure in the scientific revolution.', '700cacb1b3ed1abb30ff3be564ce7275.jpg', 1, '0000-00-00 00:00:00', '0000-00-00 00:00:00'),
(3, 'Albert Einstein', 'was born in Ulm, in the Kingdom of Württemberg in the German Empire, on 14 March 1879.[5] His parents were Hermann Einstein, a salesman and engineer, and Pauline Koch.', '5918a7a1d5898dee452beeacf2c1d1a7.jpg', 1, '0000-00-00 00:00:00', '0000-00-00 00:00:00'),
(4, 'Barak Obama', 'Barack Hussein Obama II is an American attorney and politician who served as the 44th president of the United States from 2009 to 2017. A member of the Democratic Party, he was the first African American to be elected to the presidency.', '1fcc59bf5113ec39937e9a4ecedc7182.jpg', 1, '0000-00-00 00:00:00', '0000-00-00 00:00:00'),
(5, 'Donald Trump', 'Donald John Trump is the 45th and current president of the United States. Before entering politics, he was a businessman and television personality.', 'c43804e569f457c7df69a0c0ec87c69c.jpg', 1, '0000-00-00 00:00:00', '0000-00-00 00:00:00'),
(6, 'Recep Tayyip Erdoğan', 'Recep Tayyip Erdoğan is a Turkish politician serving as President of Turkey since 2014. He previously served as Prime Minister of Turkey from 2003 to 2014 and as Mayor of Istanbul from 1994 to 1998.', 'f1f49a7fd106756abd2e67cb87a41959.jpg', 1, '0000-00-00 00:00:00', '0000-00-00 00:00:00'),
(7, 'Ilham Aliyev', 'Ilham Heydar oglu Aliyev is an Azerbaijani politician who is the fourth president of Azerbaijan, in office since 2003. He also functions as the Chairman of the New Azerbaijan Party and the head of the National Olympic Committee.', '11b8944783d0f4212d3d8cba0637179c.jpg', 1, '0000-00-00 00:00:00', '0000-00-00 00:00:00'),
(8, 'Xi Jinping', 'Xi Jinping is a Chinese politician serving as General Secretary of the Communist Party of China, President of the People\'s Republic of China, and Chairman of the Central Military Commission.', '0f56313dccb3e3b9691e52f38909994a.jpg', 1, '0000-00-00 00:00:00', '0000-00-00 00:00:00'),
(9, 'Moon Jae-in', 'Moon Jae-in is a South Korean politician serving as President of South Korea since 2017. He was elected after the impeachment of Park Geun-hye as the candidate of the Democratic Party of Korea.', 'faf22b0dec666e4d3e3396ef6effff33.jpg', 1, '0000-00-00 00:00:00', '0000-00-00 00:00:00'),
(10, 'Idriss Déby', 'General Idriss Déby Itno is a Chadian politician who has been the President of Chad since 1990. He is also head of the Patriotic Salvation Movement. Déby is of the Bidyat clan of the Zaghawa ethnic group.', '49c4ca80762321cf36bf86d6cc150f86.jpg', 1, '0000-00-00 00:00:00', '0000-00-00 00:00:00'),
(11, 'Robert John Downey Jr.', 'Robert John Downey Jr. is an American actor, producer and singer. His career has been characterized by critical and popular notoriety in his youth, followed by a period of substance abuse and legal troubles, before a resumption of critical repute and resurgence of commercial success in middle age.', '5dd4cb28228742125f5ba35851956aaf.jpg', 1, '0000-00-00 00:00:00', '0000-00-00 00:00:00'),
(12, 'Thomas Jeffrey Hanks', 'Thomas Jeffrey Hanks is an American actor and filmmaker. Hanks is known for his comedic and dramatic roles in such films as Splash, Big, Turner &amp; Hooch, A League of Their Own, Sleepless in Seattle', '32d6662683a4e74ef0824ae4fc707cda.jpg', 1, '0000-00-00 00:00:00', '0000-00-00 00:00:00'),
(13, 'Thomas Cruise', 'Thomas Cruise is an American actor and film producer. He has received several accolades for his work, including three Golden Globe Awards and nominations for three Academy Awards.', '6b2d091e6f957e5d29772dd67cc0b43b.png', 1, '0000-00-00 00:00:00', '0000-00-00 00:00:00'),
(14, 'John Christopher Depp II', 'John Christopher Depp II is an American actor, producer, and musician. He has been nominated for 10 Golden Globe Awards, winning one for Best Actor for his performance of the title role in Sweeney Todd', 'efffd1f0d7aa5c1c95710f6e847a8b10.jpg', 1, '0000-00-00 00:00:00', '0000-00-00 00:00:00'),
(15, 'Matthew Paige Damon', 'Matthew Paige Damon is an American actor, film producer and screenwriter. He is ranked among Forbes magazine\'s most bankable stars and is one of the highest-grossing actors of all time.', '8d021512097f8132a5c2697b7c93c98e.jpg', 1, '0000-00-00 00:00:00', '0000-00-00 00:00:00'),
(16, 'William Bradley Pitt', 'William Bradley Pitt is an American actor and film producer. He has received multiple awards and nominations including an Academy Award as producer under his own company, Plan B Entertainment. Pitt first gained recognition as a cowboy hitchhiker in the road movie Thelma &amp; Louise.', 'a4d136e39575af2769a2cb045b472196.jpg', 0, '0000-00-00 00:00:00', '0000-00-00 00:00:00'),
(17, 'Dwayne Douglas Johnson', 'Dwayne Douglas Johnson, also known by his ring name The Rock, is an American actor, producer, and former professional wrestler. Johnson was a professional wrestler for the World Wrestling Federation for eight years prior to pursuing an acting career.', '9523d25a4b54f4560270c10482a70e80.jpg', 0, '0000-00-00 00:00:00', '0000-00-00 00:00:00'),
(18, 'Maxi', '', 'f62d92f0130de62a3055656156c17698.jpg', 0, '2019-10-19 01:14:36', '2019-10-19 01:14:36'),
(19, 'Food', '', '547bddebca9123ef50b942a662094cb2.jpg', 0, '2019-11-16 07:22:25', '2019-11-16 07:22:25'),
(20, 'Harry Potter', 'He is harry potter', '685f0292f50222b4c9dc87d56803c96a.jpg', 1, '2019-12-18 19:31:55', '2019-12-18 19:31:55'),
(21, 'Cristian Bale Desc', 'Cristian Bale Desc', '3df0b8b7d91fbe3745d4f3fcb70fc02c.jpg', 1, '2019-12-18 19:34:28', '2019-12-18 19:34:28');

-- --------------------------------------------------------

--
-- Table structure for table `tbl_payments`
--

CREATE TABLE `tbl_payments` (
  `id` int(15) NOT NULL,
  `company_id` int(15) NOT NULL,
  `product_id` int(15) NOT NULL,
  `txn_id` varchar(100) NOT NULL,
  `payment_gross` float(10,2) NOT NULL,
  `currency_code` varchar(5) NOT NULL,
  `payer_email` varchar(100) NOT NULL,
  `payment_status` varchar(20) NOT NULL,
  `created_at` datetime DEFAULT NULL
) ENGINE=InnoDB DEFAULT CHARSET=utf8;

-- --------------------------------------------------------

--
-- Table structure for table `tbl_polls`
--

CREATE TABLE `tbl_polls` (
  `id` int(15) NOT NULL,
  `question` varchar(250) NOT NULL,
  `left_label` varchar(250) DEFAULT NULL,
  `right_label` varchar(250) DEFAULT NULL,
  `poll_id` varchar(250) NOT NULL,
  `poll_type` varchar(15) NOT NULL,
  `first_label` varchar(250) DEFAULT NULL,
  `second_label` varchar(250) DEFAULT NULL,
  `third_label` varchar(250) DEFAULT NULL,
  `forth_label` varchar(250) DEFAULT NULL,
  `indicator_color` varchar(10) DEFAULT NULL,
  `company_id` int(15) NOT NULL,
  `created_at` datetime NOT NULL,
  `updated_at` datetime NOT NULL,
  `del_status` varchar(10) NOT NULL DEFAULT 'Live'
) ENGINE=InnoDB DEFAULT CHARSET=utf8;

--
-- Dumping data for table `tbl_polls`
--

INSERT INTO `tbl_polls` (`id`, `question`, `left_label`, `right_label`, `poll_id`, `poll_type`, `first_label`, `second_label`, `third_label`, `forth_label`, `indicator_color`, `company_id`, `created_at`, `updated_at`, `del_status`) VALUES
(1, 'Tomorrow is going to be sunny day.', 'Yes', 'No', 'tomorrow-is-going-to-be-sunny-day.', 'Speedo Meter', NULL, NULL, NULL, NULL, NULL, 1, '2019-10-05 10:10:29', '2019-10-05 10:10:29', 'Live'),
(2, 'Within 2030 world will be more warmerssss', 'Yess', 'Noo', 'within-2030-world-will-be-more-warmerssss', 'Slider', NULL, NULL, NULL, NULL, NULL, 1, '2019-10-13 22:22:15', '2019-10-13 22:22:15', 'Live'),
(3, 'Share market will fall down within next 3 month', 'Yes', 'No', 'share-market-will-fall-down-within-next-3-month', 'Speedo Meter', NULL, NULL, NULL, NULL, NULL, 1, '2019-10-10 01:46:16', '2019-10-10 01:46:16', 'Live'),
(8, 'Japan will suffer from a typhoon', 'Yes', 'No', 'japan-will-suffer-from-a-typhone-', 'Speedo Meter', NULL, NULL, NULL, NULL, NULL, 1, '2019-10-13 23:15:14', '2019-10-13 23:15:14', 'Live'),
(10, 'Hello Compass', NULL, NULL, 'hello-compass', 'Compass', 'first', 'second', 'third_label', 'forth', NULL, 1, '2019-12-15 19:08:36', '2019-12-15 19:08:36', 'Live'),
(11, 'Most of Indians support Narendra Modi?', 'Yes', 'No', 'narendra-modi-vote', 'Speedo Meter', NULL, NULL, NULL, NULL, '29fffc', 1, '2019-11-13 06:04:30', '2019-11-13 06:04:30', 'Live'),
(12, 'Who is going to win in table tenniss?', 'Ma Lin', 'Ma long', 'who-is-going-to-win-in-table-tenniss?', 'Slider', NULL, NULL, NULL, NULL, NULL, 1, '2019-10-16 00:46:10', '2019-10-16 00:46:10', 'Live'),
(13, 'Hello Compass', NULL, NULL, 'hello-compass', 'Compass', 'first', 'second', 'third_label', 'forth', NULL, 1, '2019-10-20 00:54:49', '2019-10-20 00:54:49', 'Live'),
(14, 'Test Compass Poll', NULL, NULL, 'test-compass-poll', 'Compass', 'Hello Every Body tim tim', 'Hello Kolkata tim tin', 'Hello America tip tim', 'Hello monty bonty pim tim', NULL, 1, '2019-10-30 23:29:19', '2019-10-30 23:29:19', 'Live'),
(15, 'Artificial Intelligence will take the place of human?', 'Yes', 'No', 'artificial-intelligence-will-take-the-place-of-human?', 'Speedo Meter', NULL, NULL, NULL, NULL, '10c0d7', 2, '2019-10-24 19:57:40', '2019-10-24 19:57:40', 'Live'),
(16, 'Enata Compass Poll', NULL, NULL, 'enata-compass-poll', 'Compass', 'first', 'second', 'third', 'forth', NULL, 2, '2019-10-24 19:56:12', '2019-10-24 19:56:12', 'Live'),
(17, 'Test Speedo poll', 'Left', 'Right', 'test-speedo-poll', 'Speedo Meter', NULL, NULL, NULL, NULL, 'fffc29', 2, '2019-10-24 19:58:40', '2019-10-24 19:58:40', 'Live'),
(18, 'This is Compass Question', NULL, NULL, 'this-is-compass-question', 'Compass', 'Compass Option option 1', 'Compass Option option 2', 'Compass Option option 3', 'Compass Option option 4', NULL, 1, '2019-11-02 10:26:31', '2019-11-02 10:26:31', 'Live'),
(19, 'Most of Indians support Narendra Modi?', 'Yes', 'No', 'narendra-modi-vote', 'Speedo Meter', NULL, NULL, NULL, NULL, '29fffc', 1, '2019-11-13 06:06:13', '2019-11-13 06:06:13', 'Live'),
(20, 'This is Compass Question 2', NULL, NULL, 'this-is-compass-question-2', 'Compass', 'Compass Option option 1', 'Compass Option option 2', 'Compass Option option 3', 'Compass Option option 4', NULL, 1, '2019-12-18 07:15:21', '2019-12-18 07:15:21', 'Live'),
(21, 'Who is going to win in table tenniss 2?', 'Ma Lin', 'Ma long', 'who-is-going-to-win-in-table-tenniss-2?', 'Slider', NULL, NULL, NULL, NULL, NULL, 1, '2019-11-16 07:22:59', '2019-11-16 07:22:59', 'Live'),
(22, 'Test Question 11', 'Yes', 'No', 'test-question-11', 'Speedo Meter', NULL, NULL, NULL, NULL, '53ff46', 1, '2019-12-18 19:44:54', '2019-12-18 19:44:54', 'Live'),
(23, 'Test Compass Question', NULL, NULL, 'test-compass-question', 'Compass', 'First Label', 'Second Sabel', 'Third Label', 'Forth Label', '4939f5', 1, '2019-12-18 18:41:07', '2019-12-18 18:41:07', 'Live'),
(24, 'Is tomorrow going to be rainy day?', NULL, NULL, 'is-tomorrow-4848', 'Compass', 'May be', 'Yes', 'No', 'May be no', '51ff4c', 1, '2019-12-18 18:57:04', '2019-12-18 18:57:04', 'Live'),
(25, 'Who\'s going to win on the war?', 'Harry', 'Bale', 'who\'s-going-to-win-on-the-war?', 'Slider', NULL, NULL, NULL, NULL, NULL, 1, '2019-12-18 19:35:15', '2019-12-18 19:35:15', 'Live');

-- --------------------------------------------------------

--
-- Table structure for table `tbl_poll_icons`
--

CREATE TABLE `tbl_poll_icons` (
  `id` bigint(50) NOT NULL,
  `icon_id` int(15) NOT NULL,
  `icon_rotation` varchar(50) DEFAULT NULL,
  `description` varchar(500) DEFAULT NULL,
  `icon_side` varchar(10) DEFAULT NULL,
  `compass_icon_position` varchar(20) DEFAULT NULL,
  `poll_id` int(15) NOT NULL,
  `created_at` datetime NOT NULL,
  `updated_at` datetime NOT NULL
) ENGINE=InnoDB DEFAULT CHARSET=utf8;

--
-- Dumping data for table `tbl_poll_icons`
--

INSERT INTO `tbl_poll_icons` (`id`, `icon_id`, `icon_rotation`, `description`, `icon_side`, `compass_icon_position`, `poll_id`, `created_at`, `updated_at`) VALUES
(1, 11, '-80.2604823670277', '', NULL, NULL, 1, '2019-10-05 10:10:29', '2019-10-05 10:10:29'),
(2, 15, '82.61856592499717', '', NULL, NULL, 1, '2019-10-05 10:10:29', '2019-10-05 10:10:29'),
(11, 12, '-21.10865700473297', 'Thomas Jeffrey Hanks Test Description', NULL, NULL, 3, '2019-10-10 01:46:18', '2019-10-10 01:46:18'),
(12, 14, '57.925848396593395', 'John Christopher Depp II test Description', NULL, NULL, 3, '2019-10-10 01:46:19', '2019-10-10 01:46:19'),
(13, 11, '-71.96214012321781', 'Robert John Downey Jr. test description', NULL, NULL, 3, '2019-10-10 01:46:19', '2019-10-10 01:46:19'),
(18, 11, NULL, 'dasdadfa', 'Left', NULL, 2, '2019-10-13 22:22:16', '2019-10-13 22:22:16'),
(19, 15, NULL, 'asdfasdf', 'Right', NULL, 2, '2019-10-13 22:22:16', '2019-10-13 22:22:16'),
(20, 3, '-61.86667822880632', 'Test Albert Einstein', NULL, NULL, 8, '2019-10-13 23:15:15', '2019-10-13 23:15:15'),
(21, 2, '-12.045908290885464', 'Sir Isaac Newton test Description', NULL, NULL, 8, '2019-10-13 23:15:15', '2019-10-13 23:15:15'),
(42, 3, '-60.0846024489461', 'Artificial Intelligence Albert Einstein Test Description', NULL, NULL, 15, '2019-10-24 19:57:40', '2019-10-24 19:57:40'),
(48, 2, NULL, 'Sir Isaac Newton test description', NULL, '94,108', 14, '2019-10-30 23:29:20', '2019-10-30 23:29:20'),
(49, 12, NULL, 'Thomas Jeffrey Hanks test description', NULL, '119,179', 14, '2019-10-30 23:29:20', '2019-10-30 23:29:20'),
(50, 13, NULL, 'Thomas Cruise test description', NULL, '182,144', 14, '2019-10-30 23:29:20', '2019-10-30 23:29:20'),
(51, 15, NULL, '', NULL, '196,181', 14, '2019-10-30 23:29:20', '2019-10-30 23:29:20'),
(52, 17, NULL, 'Dwayne Douglas Johnson', NULL, '235,148', 14, '2019-10-30 23:29:20', '2019-10-30 23:29:20'),
(62, 9, NULL, '', NULL, '224,135', 18, '2019-11-02 10:26:31', '2019-11-02 10:26:31'),
(63, 15, NULL, '', NULL, '176,250', 18, '2019-11-02 10:26:31', '2019-11-02 10:26:31'),
(64, 11, NULL, '', NULL, '152,116', 18, '2019-11-02 10:26:31', '2019-11-02 10:26:31'),
(67, 17, NULL, '', 'Left', NULL, 21, '2019-11-16 07:23:00', '2019-11-16 07:23:00'),
(68, 19, NULL, 'Testy Food', 'Right', NULL, 21, '2019-11-16 07:23:00', '2019-11-16 07:23:00'),
(77, 10, NULL, 'idriss desc 1', NULL, '162,114', 10, '2019-12-15 19:08:36', '2019-12-15 19:08:36'),
(78, 7, NULL, 'ilham desc3', NULL, '148,206', 10, '2019-12-15 19:08:36', '2019-12-15 19:08:36'),
(79, 16, NULL, 'William Desc', NULL, '212,132', 10, '2019-12-15 19:08:36', '2019-12-15 19:08:36'),
(80, 9, NULL, '', NULL, '177,124', 20, '2019-12-18 07:15:22', '2019-12-18 07:15:22'),
(81, 3, NULL, '', NULL, '140,202', 20, '2019-12-18 07:15:22', '2019-12-18 07:15:22'),
(82, 4, NULL, '', NULL, '232,167', 20, '2019-12-18 07:15:22', '2019-12-18 07:15:22'),
(83, 10, NULL, '', NULL, '215,133', 24, '2019-12-18 18:57:04', '2019-12-18 18:57:04'),
(84, 2, NULL, '', NULL, '103,137', 24, '2019-12-18 18:57:04', '2019-12-18 18:57:04'),
(85, 20, NULL, 'It\'s Harry', 'Left', NULL, 25, '2019-12-18 19:35:15', '2019-12-18 19:35:15'),
(86, 21, NULL, 'Cristian Bale Desc', 'Right', NULL, 25, '2019-12-18 19:35:15', '2019-12-18 19:35:15'),
(87, 4, '57.92808329948768', '', NULL, NULL, 22, '2019-12-18 19:44:54', '2019-12-18 19:44:54'),
(88, 3, '-66.66110547796791', '', NULL, NULL, 22, '2019-12-18 19:44:54', '2019-12-18 19:44:54');

-- --------------------------------------------------------

--
-- Table structure for table `tbl_votes`
--

CREATE TABLE `tbl_votes` (
  `id` bigint(50) NOT NULL,
  `poll_id` int(15) NOT NULL,
  `mac_info` varchar(100) DEFAULT NULL,
  `ip_info` varchar(100) DEFAULT NULL,
  `rotation` varchar(50) DEFAULT NULL,
  `percentage` varchar(7) DEFAULT NULL,
  `poll_type` varchar(15) NOT NULL,
  `voted_from` varchar(50) DEFAULT NULL,
  `created_at` datetime NOT NULL,
  `updated_at` datetime NOT NULL
) ENGINE=InnoDB DEFAULT CHARSET=utf8;

--
-- Dumping data for table `tbl_votes`
--

INSERT INTO `tbl_votes` (`id`, `poll_id`, `mac_info`, `ip_info`, `rotation`, `percentage`, `poll_type`, `voted_from`, `created_at`, `updated_at`) VALUES
(1, 1, NULL, '112.165.235.168', '23.5321340525106', NULL, 'Speedo Meter', 'KR', '2019-10-05 19:43:52', '2019-10-05 19:43:52'),
(2, 1, NULL, '135.169.185.164', '30.59629391520093', NULL, 'Speedo Meter', 'US', '2019-10-05 19:43:54', '2019-10-05 19:43:54'),
(3, 1, NULL, '11.69.58.83', '44.02491996494693', NULL, 'Speedo Meter', 'US', '2019-10-05 19:43:55', '2019-10-05 19:43:55'),
(4, 1, NULL, '74.230.219.92', '-34.40738078406572', NULL, 'Speedo Meter', 'US', '2019-10-05 19:43:58', '2019-10-05 19:43:58'),
(5, 1, NULL, '6.185.145.168', '28.523197989640835', NULL, 'Speedo Meter', 'US', '2019-10-05 20:09:49', '2019-10-05 20:09:49'),
(6, 1, NULL, '149.239.239.221', '38.17651685573565', NULL, 'Speedo Meter', 'DE', '2019-10-05 20:18:44', '2019-10-05 20:18:44'),
(7, 1, NULL, '133.4.127.116', '-41.891355036891085', NULL, 'Speedo Meter', 'JP', '2019-10-05 21:02:03', '2019-10-05 21:02:03'),
(8, 1, NULL, '196.123.26.15', '-36.52132891273234', NULL, 'Speedo Meter', 'MA', '2019-10-05 21:03:47', '2019-10-05 21:03:47'),
(9, 1, NULL, '30.130.152.49', '3.530830514606322', NULL, 'Speedo Meter', 'US', '2019-10-05 21:09:59', '2019-10-05 21:09:59'),
(44, 2, NULL, '193.63.244.13', NULL, '30', 'Speedo Meter', 'GB', '2019-10-06 00:26:02', '2019-10-06 00:26:02'),
(45, 2, NULL, '96.184.120.51', NULL, '56', 'Speedo Meter', 'US', '2019-10-06 00:29:34', '2019-10-06 00:29:34'),
(46, 1, NULL, '150.87.238.165', '-75.17845650014542', NULL, 'Speedo Meter', 'JP', '2019-10-06 00:31:03', '2019-10-06 00:31:03'),
(47, 1, NULL, '111.59.216.136', '90', NULL, 'Speedo Meter', 'CN', '2019-10-06 00:31:17', '2019-10-06 00:31:17'),
(48, 1, NULL, '32.5.187.153', '90', NULL, 'Speedo Meter', 'US', '2019-10-06 00:31:24', '2019-10-06 00:31:24'),
(49, 1, NULL, '203.48.138.37', '90', NULL, 'Speedo Meter', 'AU', '2019-10-06 00:31:30', '2019-10-06 00:31:30'),
(50, 1, NULL, '25.14.247.175', '90', NULL, 'Speedo Meter', 'GB', '2019-10-06 00:31:34', '2019-10-06 00:31:34'),
(51, 1, NULL, '134.144.62.131', '15.659926827989807', NULL, 'Speedo Meter', 'AU', '2019-10-06 00:31:41', '2019-10-06 00:31:41'),
(52, 1, NULL, '213.165.183.165', '-59.2021856794769', NULL, 'Speedo Meter', 'MT', '2019-10-06 00:31:57', '2019-10-06 00:31:57'),
(53, 1, NULL, '21.119.20.252', '-1.0907492916250163', NULL, 'Speedo Meter', 'US', '2019-10-06 00:32:10', '2019-10-06 00:32:10'),
(54, 1, NULL, '179.138.152.91', '-59.94006903028149', NULL, 'Speedo Meter', 'BR', '2019-10-06 00:37:13', '2019-10-06 00:37:13'),
(55, 1, NULL, '77.124.250.140', '90', NULL, 'Speedo Meter', 'IL', '2019-10-06 00:37:26', '2019-10-06 00:37:26'),
(56, 1, NULL, '147.188.242.135', '90', NULL, 'Speedo Meter', 'GB', '2019-10-06 00:38:20', '2019-10-06 00:38:20'),
(57, 1, NULL, '206.112.198.141', '90', NULL, 'Speedo Meter', 'US', '2019-10-06 00:38:26', '2019-10-06 00:38:26'),
(58, 1, NULL, '113.141.111.131', '90', NULL, 'Speedo Meter', 'CN', '2019-10-06 00:38:33', '2019-10-06 00:38:33'),
(59, 1, NULL, '68.203.42.110', '90', NULL, 'Speedo Meter', 'US', '2019-10-06 00:38:39', '2019-10-06 00:38:39'),
(60, 1, NULL, '171.15.69.46', '90', NULL, 'Speedo Meter', 'CN', '2019-10-06 00:38:46', '2019-10-06 00:38:46'),
(61, 1, NULL, '21.221.22.213', '90', NULL, 'Speedo Meter', 'US', '2019-10-06 00:38:50', '2019-10-06 00:38:50'),
(62, 1, NULL, '197.68.27.231', '90', NULL, 'Speedo Meter', 'ZA', '2019-10-06 00:38:54', '2019-10-06 00:38:54'),
(63, 1, NULL, '70.232.186.234', '90', NULL, 'Speedo Meter', 'US', '2019-10-06 00:39:00', '2019-10-06 00:39:00'),
(64, 1, NULL, '101.55.229.215', '90', NULL, 'Speedo Meter', 'CN', '2019-10-06 00:39:08', '2019-10-06 00:39:08'),
(65, 1, NULL, '133.19.206.205', '90', NULL, 'Speedo Meter', 'JP', '2019-10-06 00:39:24', '2019-10-06 00:39:24'),
(66, 1, NULL, '155.158.69.126', '90', NULL, 'Speedo Meter', 'PL', '2019-10-06 00:39:29', '2019-10-06 00:39:29'),
(86, 2, NULL, '169.210.32.41', NULL, '46', 'Speedo Meter', 'KR', '2019-10-06 17:44:28', '2019-10-06 17:44:28'),
(98, 1, NULL, '110.170.8.43', '25.29551100065318', NULL, 'Speedo Meter', 'TH', '2019-10-06 22:32:48', '2019-10-06 22:32:48'),
(99, 1, NULL, '187.44.165.183', '2.824437723668524', NULL, 'Speedo Meter', 'BR', '2019-10-06 22:45:33', '2019-10-06 22:45:33'),
(101, 3, NULL, '167.28.148.148', '20.9181634404452', NULL, 'Speedo Meter', 'CL', '2019-10-06 22:47:19', '2019-10-06 22:47:19'),
(102, 3, NULL, '40.12.193.163', '-16.875395970525076', NULL, 'Speedo Meter', 'US', '2019-10-06 22:47:32', '2019-10-06 22:47:32'),
(103, 3, NULL, '41.6.176.162', '-33.908777141363274', NULL, 'Speedo Meter', 'ZA', '2019-10-06 22:47:35', '2019-10-06 22:47:35'),
(104, 3, NULL, '46.230.249.44', '-14.781068477507802', NULL, 'Speedo Meter', 'SE', '2019-10-06 22:47:56', '2019-10-06 22:47:56'),
(105, 3, NULL, '57.28.11.231', '-29.25936362474239', NULL, 'Speedo Meter', 'BE', '2019-10-06 22:47:57', '2019-10-06 22:47:57'),
(106, 3, NULL, '29.110.206.191', '-35.66480044162171', NULL, 'Speedo Meter', 'US', '2019-10-06 22:47:58', '2019-10-06 22:47:58'),
(107, 3, NULL, '80.81.164.69', '-41.79544848762734', NULL, 'Speedo Meter', 'FI', '2019-10-06 22:47:59', '2019-10-06 22:47:59'),
(108, 3, NULL, '105.64.4.84', '-47.82671471994536', NULL, 'Speedo Meter', 'MA', '2019-10-06 22:48:00', '2019-10-06 22:48:00'),
(109, 3, NULL, '153.3.63.53', '-54.06837636364838', NULL, 'Speedo Meter', 'CN', '2019-10-06 22:48:02', '2019-10-06 22:48:02'),
(110, 3, NULL, '74.210.65.203', '-58.365689294923385', NULL, 'Speedo Meter', 'CA', '2019-10-06 22:48:03', '2019-10-06 22:48:03'),
(111, 3, NULL, '56.180.223.63', '-63.89782957699501', NULL, 'Speedo Meter', 'US', '2019-10-06 22:48:04', '2019-10-06 22:48:04'),
(112, 3, NULL, '156.82.196.223', '-69.34903804808516', NULL, 'Speedo Meter', 'US', '2019-10-06 22:48:05', '2019-10-06 22:48:05'),
(113, 3, NULL, '15.170.40.201', '-73.18404357682513', NULL, 'Speedo Meter', 'US', '2019-10-06 22:48:06', '2019-10-06 22:48:06'),
(114, 3, NULL, '118.242.90.236', '-76.4518244786027', NULL, 'Speedo Meter', 'CN', '2019-10-06 22:48:07', '2019-10-06 22:48:07'),
(115, 3, NULL, '142.1.89.185', '-83.65955648062553', NULL, 'Speedo Meter', 'CA', '2019-10-06 22:48:08', '2019-10-06 22:48:08'),
(116, 3, NULL, '149.191.251.172', '-73.2086929109461', NULL, 'Speedo Meter', 'GB', '2019-10-06 22:48:09', '2019-10-06 22:48:09'),
(117, 3, NULL, '107.18.22.55', '-65.91470799879195', NULL, 'Speedo Meter', 'US', '2019-10-06 22:48:09', '2019-10-06 22:48:09'),
(118, 3, NULL, '209.115.201.151', '-60.365941118786196', NULL, 'Speedo Meter', 'CA', '2019-10-06 22:48:10', '2019-10-06 22:48:10'),
(119, 3, NULL, '152.51.52.108', '-60.02756299718928', NULL, 'Speedo Meter', 'US', '2019-10-06 22:48:10', '2019-10-06 22:48:10'),
(120, 3, NULL, '128.59.168.153', '-56.832825756278964', NULL, 'Speedo Meter', 'US', '2019-10-06 22:48:11', '2019-10-06 22:48:11'),
(121, 3, NULL, '4.71.88.225', '-46.72154110093433', NULL, 'Speedo Meter', 'US', '2019-10-06 22:48:12', '2019-10-06 22:48:12'),
(122, 3, NULL, '97.62.20.170', '-37.9225525176616', NULL, 'Speedo Meter', 'US', '2019-10-06 22:48:13', '2019-10-06 22:48:13'),
(123, 3, NULL, '26.126.41.84', '-26.601106315125378', NULL, 'Speedo Meter', 'US', '2019-10-06 22:48:13', '2019-10-06 22:48:13'),
(124, 3, NULL, '40.203.131.46', '-18.787911682722665', NULL, 'Speedo Meter', 'US', '2019-10-06 22:48:14', '2019-10-06 22:48:14'),
(125, 3, NULL, '90.58.20.180', '-14.995815891661024', NULL, 'Speedo Meter', 'FR', '2019-10-06 22:48:15', '2019-10-06 22:48:15'),
(126, 3, NULL, '76.93.236.135', '-11.55733625664827', NULL, 'Speedo Meter', 'US', '2019-10-06 22:48:16', '2019-10-06 22:48:16'),
(127, 3, NULL, '223.199.69.4', '-8.005273747922459', NULL, 'Speedo Meter', 'CN', '2019-10-06 22:48:17', '2019-10-06 22:48:17'),
(128, 3, NULL, '66.65.127.182', '-3.97899716469675', NULL, 'Speedo Meter', 'US', '2019-10-06 22:48:17', '2019-10-06 22:48:17'),
(129, 3, NULL, '20.65.7.96', '-2.566444971217763', NULL, 'Speedo Meter', 'US', '2019-10-06 22:48:18', '2019-10-06 22:48:18'),
(130, 3, NULL, '203.216.216.178', '-0.12016277239938233', NULL, 'Speedo Meter', 'JP', '2019-10-06 22:48:19', '2019-10-06 22:48:19'),
(131, 3, NULL, '44.173.31.116', '1.9269609048897536', NULL, 'Speedo Meter', 'US', '2019-10-06 22:48:20', '2019-10-06 22:48:20'),
(132, 3, NULL, '63.242.255.36', '3.9337723642492364', NULL, 'Speedo Meter', 'US', '2019-10-06 22:48:20', '2019-10-06 22:48:20'),
(133, 3, NULL, '183.40.159.164', '5.953148128710623', NULL, 'Speedo Meter', 'CN', '2019-10-06 22:48:21', '2019-10-06 22:48:21'),
(134, 3, NULL, '88.203.242.88', '9.831838792453482', NULL, 'Speedo Meter', 'BG', '2019-10-06 22:48:22', '2019-10-06 22:48:22'),
(135, 3, NULL, '222.84.7.39', '14.036177962435389', NULL, 'Speedo Meter', 'CN', '2019-10-06 22:48:23', '2019-10-06 22:48:23'),
(136, 3, NULL, '172.233.138.247', '19.843673099477897', NULL, 'Speedo Meter', 'US', '2019-10-06 22:48:23', '2019-10-06 22:48:23'),
(137, 3, NULL, '53.37.23.4', '24.074978974087948', NULL, 'Speedo Meter', 'DE', '2019-10-06 22:48:24', '2019-10-06 22:48:24'),
(138, 3, NULL, '205.249.119.101', '29.381632109669468', NULL, 'Speedo Meter', 'US', '2019-10-06 22:48:24', '2019-10-06 22:48:24'),
(139, 3, NULL, '148.180.204.222', '35.38382166209687', NULL, 'Speedo Meter', 'US', '2019-10-06 22:48:25', '2019-10-06 22:48:25'),
(140, 3, NULL, '136.117.29.127', '41.356968666829545', NULL, 'Speedo Meter', 'US', '2019-10-06 22:48:25', '2019-10-06 22:48:25'),
(141, 3, NULL, '80.223.110.135', '48.185483983187495', NULL, 'Speedo Meter', 'FI', '2019-10-06 22:48:26', '2019-10-06 22:48:26'),
(142, 3, NULL, '88.36.168.225', '53.799769022761986', NULL, 'Speedo Meter', 'IT', '2019-10-06 22:48:27', '2019-10-06 22:48:27'),
(143, 3, NULL, '109.123.34.54', '59.00783290984736', NULL, 'Speedo Meter', 'SI', '2019-10-06 22:48:28', '2019-10-06 22:48:28'),
(144, 3, NULL, '168.166.72.116', '63.408617175508965', NULL, 'Speedo Meter', 'US', '2019-10-06 22:48:29', '2019-10-06 22:48:29'),
(145, 3, NULL, '107.189.111.243', '67.68538209566204', NULL, 'Speedo Meter', 'US', '2019-10-06 22:48:30', '2019-10-06 22:48:30'),
(146, 3, NULL, '118.114.218.234', '71.99010601972276', NULL, 'Speedo Meter', 'CN', '2019-10-06 22:48:30', '2019-10-06 22:48:30'),
(147, 3, NULL, '8.103.236.107', '76.0449502757643', NULL, 'Speedo Meter', 'US', '2019-10-06 22:48:31', '2019-10-06 22:48:31'),
(148, 3, NULL, '78.70.114.106', '2.670202461661532', NULL, 'Speedo Meter', 'SE', '2019-10-06 22:49:47', '2019-10-06 22:49:47'),
(149, 3, NULL, '188.112.250.147', '4.940984003733419', NULL, 'Speedo Meter', 'RU', '2019-10-06 22:49:47', '2019-10-06 22:49:47'),
(150, 3, NULL, '39.148.116.159', '8.81573104521354', NULL, 'Speedo Meter', 'CN', '2019-10-06 22:49:48', '2019-10-06 22:49:48'),
(151, 3, NULL, '193.254.182.148', '13.480501705350633', NULL, 'Speedo Meter', 'DE', '2019-10-06 22:49:49', '2019-10-06 22:49:49'),
(152, 3, NULL, '193.9.233.115', '16.83295109021337', NULL, 'Speedo Meter', 'DK', '2019-10-06 22:49:49', '2019-10-06 22:49:49'),
(153, 3, NULL, '132.58.148.58', '21.385073114606456', NULL, 'Speedo Meter', 'US', '2019-10-06 22:49:50', '2019-10-06 22:49:50'),
(154, 3, NULL, '172.183.94.176', '28.276814881784347', NULL, 'Speedo Meter', 'DE', '2019-10-06 22:49:51', '2019-10-06 22:49:51'),
(155, 3, NULL, '139.3.105.6', '37.75220077214455', NULL, 'Speedo Meter', 'DE', '2019-10-06 22:49:51', '2019-10-06 22:49:51'),
(156, 3, NULL, '182.229.72.42', '44.84388098304493', NULL, 'Speedo Meter', 'KR', '2019-10-06 22:49:52', '2019-10-06 22:49:52'),
(157, 3, NULL, '71.50.38.38', '48.66726249078246', NULL, 'Speedo Meter', 'US', '2019-10-06 22:49:53', '2019-10-06 22:49:53'),
(158, 3, NULL, '77.17.106.225', '53.42756296987671', NULL, 'Speedo Meter', 'NO', '2019-10-06 22:49:53', '2019-10-06 22:49:53'),
(159, 3, NULL, '39.32.42.114', '58.07201375104567', NULL, 'Speedo Meter', 'PK', '2019-10-06 22:49:54', '2019-10-06 22:49:54'),
(160, 3, NULL, '188.88.131.136', '63.44783271822776', NULL, 'Speedo Meter', 'NL', '2019-10-06 22:49:55', '2019-10-06 22:49:55'),
(161, 3, NULL, '32.7.191.169', '67.72864841148176', NULL, 'Speedo Meter', 'US', '2019-10-06 22:49:56', '2019-10-06 22:49:56'),
(162, 3, NULL, '17.86.124.108', '71.86797323999963', NULL, 'Speedo Meter', 'US', '2019-10-06 22:49:56', '2019-10-06 22:49:56'),
(163, 3, NULL, '166.250.240.198', '76.20964444864731', NULL, 'Speedo Meter', 'US', '2019-10-06 22:49:57', '2019-10-06 22:49:57'),
(164, 3, NULL, '12.231.100.59', '77.99252946365304', NULL, 'Speedo Meter', 'US', '2019-10-06 22:49:58', '2019-10-06 22:49:58'),
(165, 3, NULL, '63.182.93.65', '81.83423876791413', NULL, 'Speedo Meter', 'US', '2019-10-06 22:49:59', '2019-10-06 22:49:59'),
(166, 3, NULL, '72.60.86.251', '84.7825080688133', NULL, 'Speedo Meter', 'US', '2019-10-06 22:49:59', '2019-10-06 22:49:59'),
(167, 3, NULL, '1.232.141.106', '86.45926991048246', NULL, 'Speedo Meter', 'KR', '2019-10-06 22:50:00', '2019-10-06 22:50:00'),
(168, 3, NULL, '183.9.188.215', '80.74648824528714', NULL, 'Speedo Meter', 'CN', '2019-10-06 22:50:01', '2019-10-06 22:50:01'),
(169, 3, NULL, '106.181.75.90', '78.32880913243673', NULL, 'Speedo Meter', 'JP', '2019-10-06 22:50:02', '2019-10-06 22:50:02'),
(170, 3, NULL, '223.80.240.194', '71.61197937804798', NULL, 'Speedo Meter', 'CN', '2019-10-06 22:50:03', '2019-10-06 22:50:03'),
(171, 3, NULL, '132.208.116.60', '66.97483780507403', NULL, 'Speedo Meter', 'CA', '2019-10-06 22:50:03', '2019-10-06 22:50:03'),
(172, 3, NULL, '143.189.5.222', '62.51894578150828', NULL, 'Speedo Meter', 'JP', '2019-10-06 22:50:04', '2019-10-06 22:50:04'),
(173, 3, NULL, '75.217.98.90', '59.09274448075814', NULL, 'Speedo Meter', 'US', '2019-10-06 22:50:05', '2019-10-06 22:50:05'),
(174, 3, NULL, '157.6.66.58', '53.94189247413903', NULL, 'Speedo Meter', 'JP', '2019-10-06 22:50:05', '2019-10-06 22:50:05'),
(175, 3, NULL, '89.17.73.58', '41.34601072612729', NULL, 'Speedo Meter', 'FI', '2019-10-06 22:50:06', '2019-10-06 22:50:06'),
(176, 3, NULL, '70.177.163.28', '34.63047696810432', NULL, 'Speedo Meter', 'US', '2019-10-06 22:50:07', '2019-10-06 22:50:07'),
(177, 3, NULL, '163.218.91.55', '32.49860679551126', NULL, 'Speedo Meter', 'JP', '2019-10-06 22:50:08', '2019-10-06 22:50:08'),
(178, 3, NULL, '4.107.12.248', '31.994879135308544', NULL, 'Speedo Meter', 'US', '2019-10-06 22:50:08', '2019-10-06 22:50:08'),
(179, 3, NULL, '183.174.62.45', '26.896989858884616', NULL, 'Speedo Meter', 'CN', '2019-10-06 22:50:09', '2019-10-06 22:50:09'),
(180, 3, NULL, '37.49.132.5', '22.732951268170815', NULL, 'Speedo Meter', 'DK', '2019-10-06 22:50:10', '2019-10-06 22:50:10'),
(181, 3, NULL, '138.166.158.38', '19.093740209252665', NULL, 'Speedo Meter', 'US', '2019-10-06 22:50:10', '2019-10-06 22:50:10'),
(182, 3, NULL, '159.196.125.80', '14.494537008516012', NULL, 'Speedo Meter', 'AU', '2019-10-06 22:50:11', '2019-10-06 22:50:11'),
(183, 3, NULL, '81.21.114.255', '11.86147502694022', NULL, 'Speedo Meter', 'AT', '2019-10-06 22:50:11', '2019-10-06 22:50:11'),
(184, 3, NULL, '165.60.60.120', '9.207870707842723', NULL, 'Speedo Meter', 'ZM', '2019-10-06 22:50:12', '2019-10-06 22:50:12'),
(185, 3, NULL, '166.213.55.148', '3.6647289204379163', NULL, 'Speedo Meter', 'US', '2019-10-06 22:50:13', '2019-10-06 22:50:13'),
(186, 3, NULL, '62.120.160.183', '0.9479887266710492', NULL, 'Speedo Meter', 'SA', '2019-10-06 22:50:13', '2019-10-06 22:50:13'),
(187, 3, NULL, '182.106.238.105', '6.078435865819536', NULL, 'Speedo Meter', 'CN', '2019-10-06 22:50:27', '2019-10-06 22:50:27'),
(188, 3, NULL, '67.17.140.138', '11.667008733020701', NULL, 'Speedo Meter', 'US', '2019-10-06 22:50:28', '2019-10-06 22:50:28'),
(189, 3, NULL, '15.171.45.219', '16.09364895219968', NULL, 'Speedo Meter', 'US', '2019-10-06 22:50:29', '2019-10-06 22:50:29'),
(190, 3, NULL, '197.71.18.131', '19.570856320203866', NULL, 'Speedo Meter', 'ZA', '2019-10-06 22:50:29', '2019-10-06 22:50:29'),
(191, 3, NULL, '90.59.22.188', '22.422471519941546', NULL, 'Speedo Meter', 'FR', '2019-10-06 22:50:30', '2019-10-06 22:50:30'),
(192, 3, NULL, '110.239.100.38', '27.573625520143935', NULL, 'Speedo Meter', 'AU', '2019-10-06 22:50:30', '2019-10-06 22:50:30'),
(193, 3, NULL, '144.96.48.206', '36.89431178796357', NULL, 'Speedo Meter', 'US', '2019-10-06 22:50:31', '2019-10-06 22:50:31'),
(194, 3, NULL, '121.241.76.166', '43.07296708883849', NULL, 'Speedo Meter', 'IN', '2019-10-06 22:50:32', '2019-10-06 22:50:32'),
(195, 3, NULL, '93.221.60.148', '50.63503653775834', NULL, 'Speedo Meter', 'DE', '2019-10-06 22:50:32', '2019-10-06 22:50:32'),
(196, 3, NULL, '51.63.161.105', '53.94006418997509', NULL, 'Speedo Meter', 'GB', '2019-10-06 22:50:33', '2019-10-06 22:50:33'),
(197, 3, NULL, '44.159.153.31', '59.40677237935896', NULL, 'Speedo Meter', 'US', '2019-10-06 22:50:33', '2019-10-06 22:50:33'),
(198, 3, NULL, '206.170.232.140', '68.34780719651411', NULL, 'Speedo Meter', 'US', '2019-10-06 22:50:34', '2019-10-06 22:50:34'),
(199, 3, NULL, '2.99.236.118', '71.36899567032144', NULL, 'Speedo Meter', 'GB', '2019-10-06 22:50:34', '2019-10-06 22:50:34'),
(200, 3, NULL, '136.71.200.24', '74.18768225352484', NULL, 'Speedo Meter', 'US', '2019-10-06 22:50:35', '2019-10-06 22:50:35'),
(201, 3, NULL, '28.66.245.8', '75.83493878326118', NULL, 'Speedo Meter', 'US', '2019-10-06 22:50:35', '2019-10-06 22:50:35'),
(202, 3, NULL, '70.71.145.1', '79.2932605838199', NULL, 'Speedo Meter', 'CA', '2019-10-06 22:50:36', '2019-10-06 22:50:36'),
(203, 3, NULL, '80.143.218.150', '85.81597092840958', NULL, 'Speedo Meter', 'DE', '2019-10-06 22:50:37', '2019-10-06 22:50:37'),
(204, 3, NULL, '96.28.106.190', '87.10652388234185', NULL, 'Speedo Meter', 'US', '2019-10-06 22:50:37', '2019-10-06 22:50:37'),
(205, 3, NULL, '121.37.76.15', '78.30745545758914', NULL, 'Speedo Meter', 'CN', '2019-10-06 22:50:38', '2019-10-06 22:50:38'),
(206, 3, NULL, '99.196.171.13', '70.7405397944419', NULL, 'Speedo Meter', 'US', '2019-10-06 22:50:39', '2019-10-06 22:50:39'),
(207, 3, NULL, '62.15.143.162', '68.47886821369917', NULL, 'Speedo Meter', 'ES', '2019-10-06 22:50:40', '2019-10-06 22:50:40'),
(208, 3, NULL, '123.131.29.8', '56.02365654076119', NULL, 'Speedo Meter', 'CN', '2019-10-06 22:50:40', '2019-10-06 22:50:40'),
(209, 3, NULL, '205.236.55.77', '51.238787911003755', NULL, 'Speedo Meter', 'CA', '2019-10-06 22:50:41', '2019-10-06 22:50:41'),
(210, 3, NULL, '219.98.86.136', '47.359719249049554', NULL, 'Speedo Meter', 'JP', '2019-10-06 22:50:41', '2019-10-06 22:50:41'),
(211, 3, NULL, '169.180.138.150', '41.69058496502828', NULL, 'Speedo Meter', 'US', '2019-10-06 22:50:42', '2019-10-06 22:50:42'),
(212, 3, NULL, '82.212.51.128', '36.732847582006585', NULL, 'Speedo Meter', 'DE', '2019-10-06 22:50:43', '2019-10-06 22:50:43'),
(213, 3, NULL, '36.109.124.22', '31.04417307148234', NULL, 'Speedo Meter', 'CN', '2019-10-06 22:50:43', '2019-10-06 22:50:43'),
(214, 3, NULL, '32.14.227.76', '25.4316813106704', NULL, 'Speedo Meter', 'US', '2019-10-06 22:50:44', '2019-10-06 22:50:44'),
(215, 3, NULL, '206.36.74.4', '19.871310748645215', NULL, 'Speedo Meter', 'US', '2019-10-06 22:50:44', '2019-10-06 22:50:44'),
(216, 3, NULL, '52.249.67.97', '18.10227508490736', NULL, 'Speedo Meter', 'IN', '2019-10-06 22:50:44', '2019-10-06 22:50:44'),
(217, 3, NULL, '29.109.203.176', '14.985467089331749', NULL, 'Speedo Meter', 'US', '2019-10-06 22:50:45', '2019-10-06 22:50:45'),
(218, 3, NULL, '16.63.10.116', '12.264175263100881', NULL, 'Speedo Meter', 'US', '2019-10-06 22:50:45', '2019-10-06 22:50:45'),
(219, 3, NULL, '41.111.174.29', '10.138597257148973', NULL, 'Speedo Meter', 'DZ', '2019-10-06 22:50:46', '2019-10-06 22:50:46'),
(220, 3, NULL, '130.54.134.254', '5.165637007506703', NULL, 'Speedo Meter', 'JP', '2019-10-06 22:50:46', '2019-10-06 22:50:46'),
(221, 3, NULL, '100.250.182.160', '0.39193289026876243', NULL, 'Speedo Meter', 'US', '2019-10-06 22:50:47', '2019-10-06 22:50:47'),
(222, 3, NULL, '1.32.157.178', '-0.9015088335038399', NULL, 'Speedo Meter', 'SG', '2019-10-06 22:50:48', '2019-10-06 22:50:48'),
(223, 3, NULL, '164.30.167.237', '-7.059470427990647', NULL, 'Speedo Meter', 'DE', '2019-10-06 22:50:48', '2019-10-06 22:50:48'),
(224, 3, NULL, '170.141.192.27', '-13.13067186449264', NULL, 'Speedo Meter', 'US', '2019-10-06 22:50:49', '2019-10-06 22:50:49'),
(225, 3, NULL, '68.4.71.85', '-15.824513588237494', NULL, 'Speedo Meter', 'US', '2019-10-06 22:50:50', '2019-10-06 22:50:50'),
(226, 3, NULL, '214.49.112.157', '-19.078775564192426', NULL, 'Speedo Meter', 'US', '2019-10-06 22:50:50', '2019-10-06 22:50:50'),
(227, 3, NULL, '193.239.108.75', '-24.119206325482907', NULL, 'Speedo Meter', 'IL', '2019-10-06 22:50:51', '2019-10-06 22:50:51'),
(228, 3, NULL, '49.21.213.237', '-27.633103445269057', NULL, 'Speedo Meter', 'KR', '2019-10-06 22:50:52', '2019-10-06 22:50:52'),
(229, 3, NULL, '36.234.41.11', '-28.153442397661962', NULL, 'Speedo Meter', 'TW', '2019-10-06 22:50:53', '2019-10-06 22:50:53'),
(230, 3, NULL, '185.130.93.73', '-31.53890902516052', NULL, 'Speedo Meter', 'GB', '2019-10-06 22:50:53', '2019-10-06 22:50:53'),
(231, 3, NULL, '86.211.33.38', '-32.51356513563421', NULL, 'Speedo Meter', 'FR', '2019-10-06 22:50:53', '2019-10-06 22:50:53'),
(232, 3, NULL, '94.98.210.246', '-36.38813639487401', NULL, 'Speedo Meter', 'SA', '2019-10-06 22:50:54', '2019-10-06 22:50:54'),
(233, 3, NULL, '89.218.55.133', '-40.24780061186644', NULL, 'Speedo Meter', 'KZ', '2019-10-06 22:50:55', '2019-10-06 22:50:55'),
(234, 3, NULL, '120.254.24.48', '-46.56124470759079', NULL, 'Speedo Meter', 'CN', '2019-10-06 22:50:55', '2019-10-06 22:50:55'),
(235, 3, NULL, '209.92.89.170', '-48.42093735974677', NULL, 'Speedo Meter', 'US', '2019-10-06 22:50:56', '2019-10-06 22:50:56'),
(236, 3, NULL, '72.105.51.197', '-53.71349813728392', NULL, 'Speedo Meter', 'US', '2019-10-06 22:50:57', '2019-10-06 22:50:57'),
(237, 3, NULL, '67.254.47.238', '-58.33810347879961', NULL, 'Speedo Meter', 'US', '2019-10-06 22:50:57', '2019-10-06 22:50:57'),
(238, 3, NULL, '27.186.82.109', '-63.531021999812026', NULL, 'Speedo Meter', 'CN', '2019-10-06 22:50:58', '2019-10-06 22:50:58'),
(239, 3, NULL, '43.144.78.215', '-68.23525106035748', NULL, 'Speedo Meter', 'JP', '2019-10-06 22:50:59', '2019-10-06 22:50:59'),
(240, 3, NULL, '75.237.196.12', '-71.38565096638186', NULL, 'Speedo Meter', 'US', '2019-10-06 22:50:59', '2019-10-06 22:50:59'),
(241, 3, NULL, '66.2.130.170', '-76.79815283720055', NULL, 'Speedo Meter', 'US', '2019-10-06 22:51:00', '2019-10-06 22:51:00'),
(242, 3, NULL, '117.231.40.17', '-80.93059537442977', NULL, 'Speedo Meter', 'IN', '2019-10-06 22:51:01', '2019-10-06 22:51:01'),
(243, 3, NULL, '218.17.198.174', '-84.961793171403', NULL, 'Speedo Meter', 'CN', '2019-10-06 22:51:02', '2019-10-06 22:51:02'),
(244, 3, NULL, '20.88.126.108', '-86.19805555714856', NULL, 'Speedo Meter', 'US', '2019-10-06 22:51:03', '2019-10-06 22:51:03'),
(245, 3, NULL, '164.239.195.255', '-87.44042776610249', NULL, 'Speedo Meter', 'US', '2019-10-06 22:51:03', '2019-10-06 22:51:03'),
(246, 3, NULL, '180.135.133.6', '-81.10446401625774', NULL, 'Speedo Meter', 'KR', '2019-10-06 22:51:04', '2019-10-06 22:51:04'),
(247, 3, NULL, '141.178.208.253', '-77.52684707907517', NULL, 'Speedo Meter', 'JP', '2019-10-06 22:51:05', '2019-10-06 22:51:05'),
(248, 3, NULL, '129.142.67.165', '-70.16727483457524', NULL, 'Speedo Meter', 'DK', '2019-10-06 22:51:05', '2019-10-06 22:51:05'),
(249, 3, NULL, '112.65.245.9', '-69.04961916387683', NULL, 'Speedo Meter', 'CN', '2019-10-06 22:51:07', '2019-10-06 22:51:07'),
(250, 3, NULL, '73.83.197.226', '-66.7199102149433', NULL, 'Speedo Meter', 'US', '2019-10-06 22:51:08', '2019-10-06 22:51:08'),
(251, 3, NULL, '27.221.6.131', '-62.206887636402826', NULL, 'Speedo Meter', 'CN', '2019-10-06 22:51:08', '2019-10-06 22:51:08'),
(252, 3, NULL, '125.231.14.141', '-57.905751968196284', NULL, 'Speedo Meter', 'TW', '2019-10-06 22:51:09', '2019-10-06 22:51:09'),
(253, 3, NULL, '155.95.9.14', '-54.82138101062168', NULL, 'Speedo Meter', 'US', '2019-10-06 22:51:10', '2019-10-06 22:51:10'),
(254, 3, NULL, '43.172.219.71', '-52.64873005539235', NULL, 'Speedo Meter', 'JP', '2019-10-06 22:51:10', '2019-10-06 22:51:10'),
(255, 3, NULL, '208.60.185.234', '-46.21253208325106', NULL, 'Speedo Meter', 'US', '2019-10-06 22:51:11', '2019-10-06 22:51:11'),
(256, 3, NULL, '105.80.82.169', '-42.28151349413102', NULL, 'Speedo Meter', 'EG', '2019-10-06 22:51:12', '2019-10-06 22:51:12'),
(257, 3, NULL, '88.187.160.238', '-38.35476222496982', NULL, 'Speedo Meter', 'FR', '2019-10-06 22:51:12', '2019-10-06 22:51:12'),
(258, 3, NULL, '202.41.109.164', '-36.1385793419382', NULL, 'Speedo Meter', 'IN', '2019-10-06 22:51:13', '2019-10-06 22:51:13'),
(259, 3, NULL, '90.8.94.74', '-30.734184120149536', NULL, 'Speedo Meter', 'FR', '2019-10-06 22:51:14', '2019-10-06 22:51:14'),
(260, 3, NULL, '34.210.182.25', '-23.471924456832497', NULL, 'Speedo Meter', 'US', '2019-10-06 22:51:16', '2019-10-06 22:51:16'),
(261, 3, NULL, '89.114.49.156', '-20.4882610873359', NULL, 'Speedo Meter', 'PT', '2019-10-06 22:51:16', '2019-10-06 22:51:16'),
(262, 3, NULL, '122.143.94.40', '-12.850710302355594', NULL, 'Speedo Meter', 'CN', '2019-10-06 22:51:17', '2019-10-06 22:51:17'),
(263, 3, NULL, '173.233.137.241', '-5.852160642157855', NULL, 'Speedo Meter', 'US', '2019-10-06 22:51:18', '2019-10-06 22:51:18'),
(264, 3, NULL, '27.176.34.150', '-1.9691109408272638', NULL, 'Speedo Meter', 'KR', '2019-10-06 22:51:19', '2019-10-06 22:51:19'),
(265, 3, NULL, '137.235.254.56', '-0.9025437113197938', NULL, 'Speedo Meter', 'US', '2019-10-06 22:51:20', '2019-10-06 22:51:20'),
(266, 3, NULL, '24.210.211.171', '5.570064902099631', NULL, 'Speedo Meter', 'US', '2019-10-06 22:51:20', '2019-10-06 22:51:20'),
(267, 3, NULL, '221.80.246.224', '8.849749724467628', NULL, 'Speedo Meter', 'JP', '2019-10-06 22:51:21', '2019-10-06 22:51:21'),
(268, 3, NULL, '129.228.243.18', '15.027565627636363', NULL, 'Speedo Meter', 'US', '2019-10-06 22:52:12', '2019-10-06 22:52:12'),
(269, 3, NULL, '193.104.68.93', '11.800130770397274', NULL, 'Speedo Meter', 'RS', '2019-10-06 22:56:08', '2019-10-06 22:56:08'),
(270, 3, NULL, '219.34.20.253', '3.8214534832106466', NULL, 'Speedo Meter', 'JP', '2019-10-06 22:57:11', '2019-10-06 22:57:11'),
(271, 3, NULL, '187.172.46.222', '6.921022990295398', NULL, 'Speedo Meter', 'MX', '2019-10-06 22:57:19', '2019-10-06 22:57:19'),
(272, 3, NULL, '208.120.229.17', '9.551374386722685', NULL, 'Speedo Meter', 'US', '2019-10-06 22:57:20', '2019-10-06 22:57:20'),
(273, 3, NULL, '166.13.76.86', '15.342747784901974', NULL, 'Speedo Meter', 'CH', '2019-10-06 22:57:22', '2019-10-06 22:57:22'),
(274, 3, NULL, '203.245.105.45', '18.895814950101837', NULL, 'Speedo Meter', 'KR', '2019-10-06 22:57:27', '2019-10-06 22:57:27'),
(275, 3, NULL, '165.178.141.171', '23.461756828987475', NULL, 'Speedo Meter', 'CA', '2019-10-06 22:57:28', '2019-10-06 22:57:28'),
(276, 3, NULL, '176.110.23.39', '25.518953398284594', NULL, 'Speedo Meter', 'UA', '2019-10-06 22:57:29', '2019-10-06 22:57:29'),
(277, 3, NULL, '174.41.10.184', '29.360259736910407', NULL, 'Speedo Meter', 'US', '2019-10-06 22:57:30', '2019-10-06 22:57:30'),
(278, 3, NULL, '23.126.49.123', '31.923272271126848', NULL, 'Speedo Meter', 'US', '2019-10-06 22:57:31', '2019-10-06 22:57:31'),
(279, 3, NULL, '212.181.15.40', '36.35291780344481', NULL, 'Speedo Meter', 'SE', '2019-10-06 22:57:32', '2019-10-06 22:57:32'),
(280, 3, NULL, '156.147.13.131', '42.014948161915704', NULL, 'Speedo Meter', 'KR', '2019-10-06 22:57:32', '2019-10-06 22:57:32'),
(281, 3, NULL, '109.151.171.146', '46.83584289578841', NULL, 'Speedo Meter', 'GB', '2019-10-06 22:57:33', '2019-10-06 22:57:33'),
(282, 3, NULL, '215.130.4.137', '52.04471674624776', NULL, 'Speedo Meter', 'US', '2019-10-06 22:57:34', '2019-10-06 22:57:34'),
(283, 3, NULL, '165.158.37.224', '55.80456481768901', NULL, 'Speedo Meter', 'US', '2019-10-06 22:57:35', '2019-10-06 22:57:35'),
(284, 3, NULL, '46.179.71.246', '59.779644754140094', NULL, 'Speedo Meter', 'BE', '2019-10-06 22:57:36', '2019-10-06 22:57:36'),
(285, 3, NULL, '98.171.48.238', '66.16884615943327', NULL, 'Speedo Meter', 'US', '2019-10-06 22:57:36', '2019-10-06 22:57:36'),
(286, 3, NULL, '25.175.34.157', '67.8630512116243', NULL, 'Speedo Meter', 'GB', '2019-10-06 22:57:37', '2019-10-06 22:57:37'),
(287, 3, NULL, '172.132.143.63', '71.76460421990457', NULL, 'Speedo Meter', 'US', '2019-10-06 22:57:38', '2019-10-06 22:57:38'),
(288, 3, NULL, '142.11.138.148', '76.80436861919782', NULL, 'Speedo Meter', 'US', '2019-10-06 22:57:39', '2019-10-06 22:57:39'),
(289, 3, NULL, '71.164.98.251', '63.89166548893483', NULL, 'Speedo Meter', 'US', '2019-10-06 22:57:40', '2019-10-06 22:57:40'),
(290, 3, NULL, '195.222.13.166', '55.749485697552636', NULL, 'Speedo Meter', 'EE', '2019-10-06 22:57:41', '2019-10-06 22:57:41'),
(291, 3, NULL, '23.126.52.137', '49.757134412541525', NULL, 'Speedo Meter', 'US', '2019-10-06 22:57:43', '2019-10-06 22:57:43'),
(292, 3, NULL, '20.196.154.183', '43.84107373333794', NULL, 'Speedo Meter', 'US', '2019-10-06 22:57:45', '2019-10-06 22:57:45'),
(293, 3, NULL, '199.187.86.120', '27.90886378564661', NULL, 'Speedo Meter', 'US', '2019-10-06 22:57:45', '2019-10-06 22:57:45'),
(294, 3, NULL, '90.87.164.49', '20.069725942915028', NULL, 'Speedo Meter', 'FR', '2019-10-06 22:57:45', '2019-10-06 22:57:45'),
(295, 3, NULL, '6.138.164.148', '12.510262182609765', NULL, 'Speedo Meter', 'US', '2019-10-06 22:57:46', '2019-10-06 22:57:46'),
(296, 3, NULL, '122.106.144.251', '2.8472064943471906', NULL, 'Speedo Meter', 'AU', '2019-10-06 22:57:46', '2019-10-06 22:57:46'),
(297, 3, NULL, '29.96.139.153', '-4.373027658842318', NULL, 'Speedo Meter', 'US', '2019-10-06 22:57:46', '2019-10-06 22:57:46'),
(298, 3, NULL, '93.3.248.209', '-12.630333411831757', NULL, 'Speedo Meter', 'FR', '2019-10-06 22:57:47', '2019-10-06 22:57:47'),
(299, 3, NULL, '45.107.145.147', '-19.881423758842956', NULL, 'Speedo Meter', 'EG', '2019-10-06 22:57:47', '2019-10-06 22:57:47'),
(300, 3, NULL, '44.33.35.73', '-25.703164096214238', NULL, 'Speedo Meter', 'US', '2019-10-06 22:57:47', '2019-10-06 22:57:47'),
(301, 3, NULL, '7.68.63.110', '-30.35383022862318', NULL, 'Speedo Meter', 'US', '2019-10-06 22:57:47', '2019-10-06 22:57:47'),
(302, 3, NULL, '106.200.172.3', '-38.02947166441457', NULL, 'Speedo Meter', 'IN', '2019-10-06 22:57:48', '2019-10-06 22:57:48'),
(303, 3, NULL, '8.30.127.34', '-46.22423303282895', NULL, 'Speedo Meter', 'US', '2019-10-06 22:57:49', '2019-10-06 22:57:49'),
(304, 3, NULL, '42.110.169.5', '-53.96882349547815', NULL, 'Speedo Meter', 'IN', '2019-10-06 22:57:49', '2019-10-06 22:57:49'),
(305, 3, NULL, '28.121.14.214', '-59.64210981025167', NULL, 'Speedo Meter', 'US', '2019-10-06 22:57:50', '2019-10-06 22:57:50'),
(306, 3, NULL, '6.155.247.6', '-68.85942595043133', NULL, 'Speedo Meter', 'US', '2019-10-06 22:57:51', '2019-10-06 22:57:51'),
(307, 3, NULL, '51.238.16.132', '-72.04146996877569', NULL, 'Speedo Meter', 'GB', '2019-10-06 22:57:52', '2019-10-06 22:57:52'),
(308, 3, NULL, '156.176.84.231', '-78.04921501100486', NULL, 'Speedo Meter', 'EG', '2019-10-06 22:57:52', '2019-10-06 22:57:52'),
(309, 3, NULL, '221.14.172.52', '37.33787539535022', NULL, 'Speedo Meter', 'CN', '2019-10-06 23:22:17', '2019-10-06 23:22:17'),
(310, 3, NULL, '168.16.5.212', '20.573438216062357', NULL, 'Speedo Meter', 'US', '2019-10-06 23:22:39', '2019-10-06 23:22:39'),
(311, 3, NULL, '99.85.147.204', '26.115020561029937', NULL, 'Speedo Meter', 'US', '2019-10-06 23:22:42', '2019-10-06 23:22:42'),
(312, 3, NULL, '114.33.76.26', '35.98249821765423', NULL, 'Speedo Meter', 'TW', '2019-10-06 23:22:44', '2019-10-06 23:22:44'),
(313, 3, NULL, '159.204.33.64', '40.697916512938555', NULL, 'Speedo Meter', 'US', '2019-10-06 23:22:45', '2019-10-06 23:22:45'),
(314, 3, NULL, '220.142.48.70', '44.275565628322546', NULL, 'Speedo Meter', 'TW', '2019-10-06 23:22:46', '2019-10-06 23:22:46'),
(315, 3, NULL, '206.52.152.95', '12.601206230181283', NULL, 'Speedo Meter', 'US', '2019-10-06 23:22:47', '2019-10-06 23:22:47'),
(316, 3, NULL, '17.56.227.201', '-46.90738395528866', NULL, 'Speedo Meter', 'US', '2019-10-06 23:22:49', '2019-10-06 23:22:49'),
(317, 3, NULL, '69.253.36.184', '-56.24628122565105', NULL, 'Speedo Meter', 'US', '2019-10-06 23:22:51', '2019-10-06 23:22:51'),
(318, 3, NULL, '47.192.56.212', '-64.29083477556344', NULL, 'Speedo Meter', 'US', '2019-10-06 23:22:52', '2019-10-06 23:22:52'),
(319, 3, NULL, '129.6.153.237', '-64.64178686329973', NULL, 'Speedo Meter', 'US', '2019-10-06 23:22:53', '2019-10-06 23:22:53'),
(320, 3, NULL, '217.116.186.69', '-48.84263545530487', NULL, 'Speedo Meter', 'AT', '2019-10-06 23:22:54', '2019-10-06 23:22:54'),
(321, 3, NULL, '43.9.168.46', '-44.49715502771059', NULL, 'Speedo Meter', 'JP', '2019-10-06 23:22:55', '2019-10-06 23:22:55'),
(322, 2, NULL, '157.44.53.195', NULL, '4', 'Speedo Meter', 'IN', '2019-10-06 23:29:15', '2019-10-06 23:29:15'),
(323, 2, NULL, '216.146.83.231', NULL, '12', 'Speedo Meter', 'US', '2019-10-06 23:29:16', '2019-10-06 23:29:16'),
(324, 2, NULL, '140.8.127.102', NULL, '16', 'Speedo Meter', 'US', '2019-10-06 23:29:20', '2019-10-06 23:29:20'),
(325, 2, NULL, '130.89.53.255', NULL, '18', 'Speedo Meter', 'NL', '2019-10-06 23:30:16', '2019-10-06 23:30:16'),
(326, 2, NULL, '93.208.253.131', NULL, '25', 'Speedo Meter', 'DE', '2019-10-06 23:31:35', '2019-10-06 23:31:35'),
(327, 2, NULL, '150.102.60.250', NULL, '8', 'Speedo Meter', 'US', '2019-10-06 23:34:10', '2019-10-06 23:34:10'),
(328, 2, NULL, '48.253.100.252', NULL, '22', 'Speedo Meter', 'US', '2019-10-06 23:34:11', '2019-10-06 23:34:11'),
(329, 2, NULL, '196.223.15.171', NULL, '36', 'Speedo Meter', 'ZA', '2019-10-06 23:34:12', '2019-10-06 23:34:12'),
(330, 2, NULL, '45.221.205.107', NULL, '4', 'Speedo Meter', 'ZA', '2019-10-06 23:35:46', '2019-10-06 23:35:46'),
(331, 2, NULL, '174.39.184.37', NULL, '11', 'Speedo Meter', 'US', '2019-10-06 23:35:47', '2019-10-06 23:35:47'),
(332, 2, NULL, '142.86.7.32', NULL, '24', 'Speedo Meter', 'CA', '2019-10-06 23:35:48', '2019-10-06 23:35:48'),
(333, 2, NULL, '136.72.210.67', NULL, '43', 'Speedo Meter', 'US', '2019-10-06 23:35:49', '2019-10-06 23:35:49'),
(334, 2, NULL, '213.99.112.9', NULL, '60', 'Speedo Meter', 'ES', '2019-10-06 23:35:50', '2019-10-06 23:35:50'),
(335, 2, NULL, '216.34.31.54', NULL, '69', 'Speedo Meter', 'US', '2019-10-06 23:35:50', '2019-10-06 23:35:50'),
(336, 2, NULL, '177.210.8.176', NULL, '81', 'Speedo Meter', 'BR', '2019-10-06 23:35:51', '2019-10-06 23:35:51'),
(337, 2, NULL, '91.183.128.93', NULL, '88', 'Speedo Meter', 'BE', '2019-10-06 23:35:52', '2019-10-06 23:35:52'),
(338, 2, NULL, '82.128.141.64', NULL, '91', 'Speedo Meter', 'FI', '2019-10-06 23:35:53', '2019-10-06 23:35:53'),
(339, 2, NULL, '153.63.107.94', NULL, '0', 'Speedo Meter', 'US', '2019-10-06 23:37:23', '2019-10-06 23:37:23'),
(340, 2, NULL, '146.194.21.33', NULL, '100', 'Speedo Meter', 'GB', '2019-10-06 23:38:19', '2019-10-06 23:38:19'),
(341, 2, NULL, '100.145.169.157', NULL, '6', 'Speedo Meter', 'US', '2019-10-06 23:40:55', '2019-10-06 23:40:55'),
(342, 2, NULL, '21.142.139.12', NULL, '19', 'Speedo Meter', 'US', '2019-10-06 23:40:56', '2019-10-06 23:40:56'),
(343, 2, NULL, '152.213.100.113', NULL, '28', 'Speedo Meter', 'US', '2019-10-06 23:40:57', '2019-10-06 23:40:57'),
(344, 2, NULL, '12.230.92.24', NULL, '38', 'Speedo Meter', 'US', '2019-10-06 23:43:03', '2019-10-06 23:43:03'),
(345, 2, NULL, '99.167.29.153', NULL, '40', 'Speedo Meter', 'US', '2019-10-06 23:44:22', '2019-10-06 23:44:22'),
(346, 2, NULL, '166.116.81.56', NULL, '48.5714', 'Speedo Meter', 'US', '2019-10-06 23:49:31', '2019-10-06 23:49:31'),
(347, 2, NULL, '39.25.6.210', NULL, '18.2857', 'Speedo Meter', 'KR', '2019-10-07 00:09:09', '2019-10-07 00:09:09'),
(348, 2, NULL, '13.198.187.86', NULL, '38.2857', 'Speedo Meter', 'US', '2019-10-07 00:09:12', '2019-10-07 00:09:12'),
(349, 2, NULL, '121.91.94.194', NULL, '56.8571', 'Speedo Meter', 'AU', '2019-10-07 00:09:14', '2019-10-07 00:09:14'),
(350, 2, NULL, '177.48.220.189', NULL, '71.4285', 'Speedo Meter', 'BR', '2019-10-07 00:09:15', '2019-10-07 00:09:15'),
(351, 2, NULL, '30.91.110.21', NULL, '82.5714', 'Speedo Meter', 'US', '2019-10-07 00:09:16', '2019-10-07 00:09:16'),
(352, 2, NULL, '30.87.90.186', NULL, '90', 'Speedo Meter', 'US', '2019-10-07 00:09:17', '2019-10-07 00:09:17'),
(353, 2, NULL, '150.193.4.205', NULL, '78', 'Speedo Meter', 'US', '2019-10-07 00:09:23', '2019-10-07 00:09:23'),
(354, 2, NULL, '30.27.72.160', NULL, '61.7142', 'Speedo Meter', 'US', '2019-10-07 00:09:25', '2019-10-07 00:09:25'),
(355, 2, NULL, '109.250.159.43', NULL, '43.7142', 'Speedo Meter', 'DE', '2019-10-07 00:09:25', '2019-10-07 00:09:25'),
(356, 2, NULL, '59.213.193.32', NULL, '22', 'Speedo Meter', 'CN', '2019-10-07 00:09:26', '2019-10-07 00:09:26'),
(357, 2, NULL, '136.152.100.41', NULL, '12.8571', 'Speedo Meter', 'US', '2019-10-07 00:09:27', '2019-10-07 00:09:27'),
(358, 2, NULL, '159.162.76.148', NULL, '9.71428', 'Speedo Meter', 'NO', '2019-10-07 00:09:28', '2019-10-07 00:09:28'),
(359, 2, NULL, '4.86.161.37', NULL, '3.42857', 'Speedo Meter', 'US', '2019-10-07 00:09:29', '2019-10-07 00:09:29'),
(360, 2, NULL, '211.181.14.37', NULL, '0', 'Speedo Meter', 'KR', '2019-10-07 00:09:30', '2019-10-07 00:09:30'),
(361, 2, NULL, '143.92.30.130', NULL, '13.4285', 'Speedo Meter', 'AU', '2019-10-07 00:09:31', '2019-10-07 00:09:31'),
(362, 2, NULL, '48.104.121.37', NULL, '27.7142', 'Speedo Meter', 'US', '2019-10-07 00:09:32', '2019-10-07 00:09:32'),
(363, 2, NULL, '77.18.113.255', NULL, '38.8571', 'Speedo Meter', 'NO', '2019-10-07 00:09:33', '2019-10-07 00:09:33'),
(364, 2, NULL, '172.93.206.237', NULL, '45.4285', 'Speedo Meter', 'US', '2019-10-07 00:09:34', '2019-10-07 00:09:34'),
(365, 2, NULL, '60.98.53.227', NULL, '50.2857', 'Speedo Meter', 'JP', '2019-10-07 00:09:35', '2019-10-07 00:09:35'),
(366, 2, NULL, '209.107.165.247', NULL, '60', 'Speedo Meter', 'US', '2019-10-07 00:09:35', '2019-10-07 00:09:35'),
(367, 2, NULL, '34.95.95.137', NULL, '65.4285', 'Speedo Meter', 'US', '2019-10-07 00:09:36', '2019-10-07 00:09:36'),
(368, 2, NULL, '186.39.144.94', NULL, '72.2857', 'Speedo Meter', 'AR', '2019-10-07 00:09:37', '2019-10-07 00:09:37'),
(369, 2, NULL, '39.168.210.37', NULL, '77.1428', 'Speedo Meter', 'CN', '2019-10-07 00:09:38', '2019-10-07 00:09:38'),
(370, 2, NULL, '62.202.56.184', NULL, '81.4285', 'Speedo Meter', 'CH', '2019-10-07 00:09:38', '2019-10-07 00:09:38'),
(371, 2, NULL, '165.191.82.43', NULL, '87.7142', 'Speedo Meter', 'AU', '2019-10-07 00:09:39', '2019-10-07 00:09:39'),
(372, 2, NULL, '119.217.215.169', NULL, '92', 'Speedo Meter', 'KR', '2019-10-07 00:09:40', '2019-10-07 00:09:40'),
(373, 2, NULL, '200.238.79.189', NULL, '96', 'Speedo Meter', 'BR', '2019-10-07 00:09:41', '2019-10-07 00:09:41'),
(374, 2, NULL, '199.173.13.57', NULL, '98.8571', 'Speedo Meter', 'US', '2019-10-07 00:09:42', '2019-10-07 00:09:42'),
(375, 2, NULL, '98.171.118.75', NULL, '100', 'Speedo Meter', 'US', '2019-10-07 00:09:42', '2019-10-07 00:09:42'),
(376, 2, NULL, '188.224.42.50', NULL, '96.2857', 'Speedo Meter', 'FR', '2019-10-07 00:09:43', '2019-10-07 00:09:43'),
(377, 2, NULL, '121.200.128.41', NULL, '90.5714', 'Speedo Meter', 'JP', '2019-10-07 00:09:44', '2019-10-07 00:09:44'),
(378, 2, NULL, '73.242.226.146', NULL, '87.7142', 'Speedo Meter', 'US', '2019-10-07 00:09:45', '2019-10-07 00:09:45'),
(379, 2, NULL, '54.88.19.88', NULL, '81.4285', 'Speedo Meter', 'US', '2019-10-07 00:09:45', '2019-10-07 00:09:45'),
(380, 2, NULL, '125.107.157.212', NULL, '78.8571', 'Speedo Meter', 'CN', '2019-10-07 00:09:46', '2019-10-07 00:09:46'),
(381, 2, NULL, '75.252.11.67', NULL, '67.7142', 'Speedo Meter', 'US', '2019-10-07 00:09:47', '2019-10-07 00:09:47'),
(382, 2, NULL, '44.19.218.13', NULL, '61.7142', 'Speedo Meter', 'US', '2019-10-07 00:09:48', '2019-10-07 00:09:48'),
(383, 2, NULL, '175.69.76.171', NULL, '51.7142', 'Speedo Meter', 'CN', '2019-10-07 00:09:50', '2019-10-07 00:09:50'),
(384, 2, NULL, '118.77.31.176', NULL, '42.8571', 'Speedo Meter', 'CN', '2019-10-07 00:09:50', '2019-10-07 00:09:50'),
(385, 2, NULL, '22.91.134.142', NULL, '37.4285', 'Speedo Meter', 'US', '2019-10-07 00:09:51', '2019-10-07 00:09:51'),
(386, 2, NULL, '54.96.65.34', NULL, '32', 'Speedo Meter', 'US', '2019-10-07 00:09:52', '2019-10-07 00:09:52'),
(387, 2, NULL, '199.51.38.18', NULL, '24.5714', 'Speedo Meter', 'US', '2019-10-07 00:09:54', '2019-10-07 00:09:54'),
(388, 2, NULL, '24.71.29.186', NULL, '20', 'Speedo Meter', 'CA', '2019-10-07 00:09:55', '2019-10-07 00:09:55'),
(389, 2, NULL, '78.84.188.177', NULL, '14', 'Speedo Meter', 'LV', '2019-10-07 00:09:56', '2019-10-07 00:09:56'),
(390, 2, NULL, '66.54.70.188', NULL, '9.42857', 'Speedo Meter', 'US', '2019-10-07 00:09:57', '2019-10-07 00:09:57'),
(391, 2, NULL, '218.17.194.155', NULL, '7.71428', 'Speedo Meter', 'CN', '2019-10-07 00:10:00', '2019-10-07 00:10:00'),
(392, 2, NULL, '191.234.89.253', NULL, '3.71428', 'Speedo Meter', 'BR', '2019-10-07 00:10:00', '2019-10-07 00:10:00'),
(393, 2, NULL, '172.174.134.181', NULL, '0', 'Speedo Meter', 'DE', '2019-10-07 00:10:01', '2019-10-07 00:10:01'),
(394, 2, NULL, '219.97.83.124', NULL, '6', 'Speedo Meter', 'JP', '2019-10-07 00:10:02', '2019-10-07 00:10:02'),
(395, 2, NULL, '117.210.189.59', NULL, '12.2857', 'Speedo Meter', 'IN', '2019-10-07 00:10:03', '2019-10-07 00:10:03'),
(396, 2, NULL, '29.97.54.96', NULL, '16.5714', 'Speedo Meter', 'US', '2019-10-07 00:10:04', '2019-10-07 00:10:04'),
(397, 2, NULL, '186.51.205.108', NULL, '22.2857', 'Speedo Meter', 'UY', '2019-10-07 00:10:04', '2019-10-07 00:10:04'),
(398, 2, NULL, '177.51.235.254', NULL, '33.4285', 'Speedo Meter', 'BR', '2019-10-07 00:10:05', '2019-10-07 00:10:05'),
(399, 2, NULL, '58.34.251.134', NULL, '38.8571', 'Speedo Meter', 'CN', '2019-10-07 00:10:06', '2019-10-07 00:10:06'),
(400, 2, NULL, '169.190.188.114', NULL, '46.8571', 'Speedo Meter', 'US', '2019-10-07 00:10:07', '2019-10-07 00:10:07'),
(401, 2, NULL, '5.193.183.83', NULL, '51.1428', 'Speedo Meter', 'AE', '2019-10-07 00:10:07', '2019-10-07 00:10:07'),
(402, 2, NULL, '121.98.126.81', NULL, '54.5714', 'Speedo Meter', 'NZ', '2019-10-07 00:10:08', '2019-10-07 00:10:08'),
(403, 2, NULL, '25.138.103.100', NULL, '56.8571', 'Speedo Meter', 'GB', '2019-10-07 00:10:09', '2019-10-07 00:10:09'),
(404, 2, NULL, '192.149.168.137', NULL, '61.7142', 'Speedo Meter', 'US', '2019-10-07 00:10:09', '2019-10-07 00:10:09'),
(405, 2, NULL, '181.238.136.219', NULL, '65.1428', 'Speedo Meter', 'AR', '2019-10-07 00:10:10', '2019-10-07 00:10:10'),
(406, 2, NULL, '179.237.137.230', NULL, '69.4285', 'Speedo Meter', 'BR', '2019-10-07 00:10:11', '2019-10-07 00:10:11'),
(407, 2, NULL, '120.55.66.236', NULL, '75.1428', 'Speedo Meter', 'CN', '2019-10-07 00:10:11', '2019-10-07 00:10:11'),
(408, 2, NULL, '145.167.144.217', NULL, '79.7142', 'Speedo Meter', 'NL', '2019-10-07 00:10:12', '2019-10-07 00:10:12'),
(409, 2, NULL, '141.56.109.125', NULL, '82.2857', 'Speedo Meter', 'DE', '2019-10-07 00:10:13', '2019-10-07 00:10:13'),
(410, 2, NULL, '40.79.18.111', NULL, '87.4285', 'Speedo Meter', 'US', '2019-10-07 00:10:14', '2019-10-07 00:10:14'),
(411, 2, NULL, '153.216.215.232', NULL, '89.4285', 'Speedo Meter', 'JP', '2019-10-07 00:10:14', '2019-10-07 00:10:14'),
(412, 2, NULL, '161.125.140.72', NULL, '94.5714', 'Speedo Meter', 'US', '2019-10-07 00:10:15', '2019-10-07 00:10:15'),
(413, 2, NULL, '195.248.144.231', NULL, '100', 'Speedo Meter', 'DE', '2019-10-07 00:10:16', '2019-10-07 00:10:16'),
(414, 2, NULL, '210.104.143.148', NULL, '100', 'Speedo Meter', 'KR', '2019-10-07 00:10:17', '2019-10-07 00:10:17'),
(415, 2, NULL, '55.85.4.21', NULL, '93.7142', 'Speedo Meter', 'US', '2019-10-07 00:10:19', '2019-10-07 00:10:19'),
(416, 2, NULL, '93.147.198.38', NULL, '91.1428', 'Speedo Meter', 'IT', '2019-10-07 00:10:20', '2019-10-07 00:10:20'),
(417, 2, NULL, '109.172.23.109', NULL, '86.2857', 'Speedo Meter', 'RU', '2019-10-07 00:10:20', '2019-10-07 00:10:20'),
(418, 2, NULL, '222.18.186.112', NULL, '79.7142', 'Speedo Meter', 'CN', '2019-10-07 00:10:21', '2019-10-07 00:10:21'),
(419, 2, NULL, '3.188.166.8', NULL, '76', 'Speedo Meter', 'US', '2019-10-07 00:10:23', '2019-10-07 00:10:23'),
(420, 2, NULL, '52.236.3.70', NULL, '68.8571', 'Speedo Meter', 'IE', '2019-10-07 00:10:23', '2019-10-07 00:10:23'),
(421, 2, NULL, '88.230.121.169', NULL, '64.5714', 'Speedo Meter', 'TR', '2019-10-07 00:10:24', '2019-10-07 00:10:24'),
(422, 2, NULL, '146.179.12.161', NULL, '59.1428', 'Speedo Meter', 'GB', '2019-10-07 00:10:25', '2019-10-07 00:10:25'),
(423, 2, NULL, '37.94.103.235', NULL, '53.7142', 'Speedo Meter', 'DE', '2019-10-07 00:10:25', '2019-10-07 00:10:25'),
(424, 2, NULL, '99.45.180.3', NULL, '48.8571', 'Speedo Meter', 'US', '2019-10-07 00:10:26', '2019-10-07 00:10:26'),
(425, 2, NULL, '93.115.145.94', NULL, '44.8571', 'Speedo Meter', 'IR', '2019-10-07 00:10:27', '2019-10-07 00:10:27'),
(426, 2, NULL, '69.36.231.23', NULL, '40', 'Speedo Meter', 'US', '2019-10-07 00:10:28', '2019-10-07 00:10:28'),
(427, 2, NULL, '189.109.231.65', NULL, '35.7142', 'Speedo Meter', 'BR', '2019-10-07 00:10:32', '2019-10-07 00:10:32'),
(428, 2, NULL, '141.1.92.198', NULL, '33.4285', 'Speedo Meter', 'DE', '2019-10-07 00:10:32', '2019-10-07 00:10:32'),
(429, 2, NULL, '206.181.30.119', NULL, '30.5714', 'Speedo Meter', 'US', '2019-10-07 00:10:33', '2019-10-07 00:10:33'),
(430, 2, NULL, '71.50.38.38', NULL, '26.8571', 'Speedo Meter', 'US', '2019-10-07 00:10:34', '2019-10-07 00:10:34'),
(431, 2, NULL, '48.104.121.37', NULL, '25.1428', 'Speedo Meter', 'US', '2019-10-07 00:10:35', '2019-10-07 00:10:35'),
(432, 2, NULL, '195.248.144.231', NULL, '22', 'Speedo Meter', 'DE', '2019-10-07 00:10:35', '2019-10-07 00:10:35'),
(433, 2, NULL, '77.124.250.140', NULL, '18', 'Speedo Meter', 'IL', '2019-10-07 00:10:36', '2019-10-07 00:10:36'),
(434, 2, NULL, '54.96.65.34', NULL, '12.2857', 'Speedo Meter', 'US', '2019-10-07 00:10:36', '2019-10-07 00:10:36'),
(435, 2, NULL, '93.147.198.38', NULL, '8.85714', 'Speedo Meter', 'IT', '2019-10-07 00:10:37', '2019-10-07 00:10:37'),
(436, 2, NULL, '4.86.161.37', NULL, '6.85714', 'Speedo Meter', 'US', '2019-10-07 00:10:38', '2019-10-07 00:10:38'),
(437, 2, NULL, '130.54.134.254', NULL, '4.85714', 'Speedo Meter', 'JP', '2019-10-07 00:10:38', '2019-10-07 00:10:38'),
(438, 2, NULL, '28.66.245.8', NULL, '10', 'Speedo Meter', 'US', '2019-10-07 00:20:01', '2019-10-07 00:20:01'),
(439, 2, NULL, '193.63.244.13', NULL, '14.5714', 'Speedo Meter', 'GB', '2019-10-07 00:20:03', '2019-10-07 00:20:03'),
(440, 2, NULL, '209.115.201.151', NULL, '22.2857', 'Speedo Meter', 'CA', '2019-10-07 00:20:04', '2019-10-07 00:20:04'),
(441, 2, NULL, '196.123.26.15', NULL, '36.2857', 'Speedo Meter', 'MA', '2019-10-07 00:20:05', '2019-10-07 00:20:05'),
(442, 2, NULL, '24.71.29.186', NULL, '57.7142', 'Speedo Meter', 'CA', '2019-10-07 00:20:07', '2019-10-07 00:20:07'),
(443, 2, NULL, '121.200.128.41', NULL, '70', 'Speedo Meter', 'JP', '2019-10-07 00:20:08', '2019-10-07 00:20:08'),
(444, 2, NULL, '25.14.247.175', NULL, '83.4285', 'Speedo Meter', 'GB', '2019-10-07 00:20:10', '2019-10-07 00:20:10'),
(445, 2, NULL, '62.15.143.162', NULL, '90.2857', 'Speedo Meter', 'ES', '2019-10-07 00:20:12', '2019-10-07 00:20:12'),
(446, 2, NULL, '68.203.42.110', NULL, '74', 'Speedo Meter', 'US', '2019-10-07 00:20:14', '2019-10-07 00:20:14'),
(447, 2, NULL, '163.218.91.55', NULL, '23.1428', 'Speedo Meter', 'JP', '2019-10-07 00:26:17', '2019-10-07 00:26:17'),
(448, 2, NULL, '109.123.34.54', NULL, '56', 'Speedo Meter', 'SI', '2019-10-07 00:26:21', '2019-10-07 00:26:21'),
(449, 2, NULL, '37.49.132.5', NULL, '84', 'Speedo Meter', 'DK', '2019-10-07 00:26:23', '2019-10-07 00:26:23'),
(450, 3, NULL, '44.173.31.116', '-71.37241761757673', NULL, 'Speedo Meter', 'US', '2019-10-07 00:28:17', '2019-10-07 00:28:17'),
(451, 3, NULL, '164.30.167.237', '-59.3145662841257', NULL, 'Speedo Meter', 'DE', '2019-10-07 00:28:21', '2019-10-07 00:28:21'),
(452, 3, NULL, '20.196.154.183', '-65.90068517575008', NULL, 'Speedo Meter', 'US', '2019-10-07 00:28:22', '2019-10-07 00:28:22'),
(453, 3, NULL, '182.229.72.42', '-70.62988072187758', NULL, 'Speedo Meter', 'KR', '2019-10-07 00:28:24', '2019-10-07 00:28:24'),
(454, 3, NULL, '70.71.145.1', '-55.14875074631428', NULL, 'Speedo Meter', 'CA', '2019-10-07 00:28:25', '2019-10-07 00:28:25'),
(455, 3, NULL, '138.166.158.38', '-46.48389254852805', NULL, 'Speedo Meter', 'US', '2019-10-07 00:28:28', '2019-10-07 00:28:28'),
(456, 3, NULL, '32.5.187.153', '-56.29936476742313', NULL, 'Speedo Meter', 'US', '2019-10-07 00:28:32', '2019-10-07 00:28:32'),
(457, 3, NULL, '107.189.111.243', '-67.50551989472152', NULL, 'Speedo Meter', 'US', '2019-10-07 00:28:35', '2019-10-07 00:28:35'),
(458, 3, NULL, '32.14.227.76', '-51.68822848426731', NULL, 'Speedo Meter', 'US', '2019-10-07 00:28:42', '2019-10-07 00:28:42'),
(459, 2, NULL, '129.142.67.165', NULL, '27.4285', 'Speedo Meter', 'DK', '2019-10-07 00:29:27', '2019-10-07 00:29:27'),
(460, 2, NULL, '8.103.236.107', NULL, '50.8571', 'Speedo Meter', 'US', '2019-10-07 00:29:28', '2019-10-07 00:29:28'),
(461, 2, NULL, '39.148.116.159', NULL, '69.7142', 'Speedo Meter', 'CN', '2019-10-07 00:29:30', '2019-10-07 00:29:30'),
(462, 2, NULL, '66.65.127.182', NULL, '84.5714', 'Speedo Meter', 'US', '2019-10-07 00:29:31', '2019-10-07 00:29:31'),
(463, 2, NULL, '149.191.251.172', NULL, '91.7142', 'Speedo Meter', 'GB', '2019-10-07 00:29:32', '2019-10-07 00:29:32'),
(464, 2, NULL, '30.27.72.160', NULL, '97.1428', 'Speedo Meter', 'US', '2019-10-07 00:29:38', '2019-10-07 00:29:38'),
(465, 2, NULL, '41.6.176.162', NULL, '89.1428', 'Speedo Meter', 'ZA', '2019-10-07 00:29:44', '2019-10-07 00:29:44'),
(466, 2, NULL, '205.236.55.77', NULL, '84', 'Speedo Meter', 'CA', '2019-10-07 00:29:45', '2019-10-07 00:29:45'),
(467, 2, NULL, '193.9.233.115', NULL, '79.1428', 'Speedo Meter', 'DK', '2019-10-07 00:29:46', '2019-10-07 00:29:46'),
(468, 2, NULL, '159.196.125.80', NULL, '74.8571', 'Speedo Meter', 'AU', '2019-10-07 00:29:48', '2019-10-07 00:29:48'),
(469, 2, NULL, '203.245.105.45', NULL, '66.5714', 'Speedo Meter', 'KR', '2019-10-07 00:29:49', '2019-10-07 00:29:49'),
(470, 2, NULL, '150.87.238.165', NULL, '77.1428', 'Speedo Meter', 'JP', '2019-10-07 00:29:50', '2019-10-07 00:29:50'),
(471, 2, NULL, '8.103.236.107', NULL, '85.1428', 'Speedo Meter', 'US', '2019-10-07 00:29:52', '2019-10-07 00:29:52'),
(472, 2, NULL, '171.15.69.46', NULL, '90.8571', 'Speedo Meter', 'CN', '2019-10-07 00:29:52', '2019-10-07 00:29:52'),
(473, 2, NULL, '107.18.22.55', NULL, '84.5714', 'Speedo Meter', 'US', '2019-10-07 00:29:53', '2019-10-07 00:29:53'),
(474, 2, NULL, '101.55.229.215', NULL, '78', 'Speedo Meter', 'CN', '2019-10-07 00:29:54', '2019-10-07 00:29:54'),
(475, 2, NULL, '219.34.20.253', NULL, '20', 'Speedo Meter', 'JP', '2019-10-07 02:03:38', '2019-10-07 02:03:38');
INSERT INTO `tbl_votes` (`id`, `poll_id`, `mac_info`, `ip_info`, `rotation`, `percentage`, `poll_type`, `voted_from`, `created_at`, `updated_at`) VALUES
(476, 2, NULL, '80.81.164.69', NULL, '41.4285', 'Speedo Meter', 'FI', '2019-10-07 02:03:50', '2019-10-07 02:03:50'),
(477, 2, NULL, '40.12.193.163', NULL, '58.8571', 'Speedo Meter', 'US', '2019-10-07 02:03:52', '2019-10-07 02:03:52'),
(478, 2, NULL, '21.221.22.213', NULL, '45.7142', 'Speedo Meter', 'US', '2019-10-07 02:04:56', '2019-10-07 02:04:56'),
(479, 2, NULL, '4.107.12.248', NULL, '19.7142', 'Speedo Meter', 'US', '2019-10-07 02:05:33', '2019-10-07 02:05:33'),
(480, 2, NULL, '54.96.65.34', NULL, '22.2857', 'Speedo Meter', 'US', '2019-10-07 02:05:50', '2019-10-07 02:05:50'),
(481, 2, NULL, '155.95.9.14', NULL, '21.7142', 'Speedo Meter', 'US', '2019-10-07 02:10:06', '2019-10-07 02:10:06'),
(482, 2, NULL, '219.97.83.124', NULL, '25.7142', 'Speedo Meter', 'JP', '2019-10-07 02:11:47', '2019-10-07 02:11:47'),
(483, 2, NULL, '136.72.210.67', NULL, '75.7142', 'Speedo Meter', 'US', '2019-10-07 02:12:47', '2019-10-07 02:12:47'),
(484, 2, NULL, '121.241.76.166', NULL, '80.2857', 'Speedo Meter', 'IN', '2019-10-07 02:14:24', '2019-10-07 02:14:24'),
(485, 2, NULL, '8.30.127.34', NULL, '50.5714', 'Speedo Meter', 'US', '2019-10-07 02:15:16', '2019-10-07 02:15:16'),
(486, 2, NULL, '66.54.70.188', NULL, '0', 'Speedo Meter', 'US', '2019-10-07 02:15:45', '2019-10-07 02:15:45'),
(487, 2, NULL, '125.231.14.141', NULL, '3.42857', 'Speedo Meter', 'TW', '2019-10-07 02:15:59', '2019-10-07 02:15:59'),
(488, 2, NULL, '164.239.195.255', NULL, '0', 'Speedo Meter', 'US', '2019-10-07 02:15:59', '2019-10-07 02:15:59'),
(489, 2, NULL, '211.181.14.37', NULL, '4', 'Speedo Meter', 'KR', '2019-10-07 02:16:01', '2019-10-07 02:16:01'),
(490, 2, NULL, '54.96.65.34', NULL, '0', 'Speedo Meter', 'US', '2019-10-07 02:16:02', '2019-10-07 02:16:02'),
(491, 2, NULL, '193.9.233.115', NULL, '8.85714', 'Speedo Meter', 'DK', '2019-10-07 02:16:04', '2019-10-07 02:16:04'),
(492, 2, NULL, '140.8.127.102', NULL, '0', 'Speedo Meter', 'US', '2019-10-07 02:16:05', '2019-10-07 02:16:05'),
(493, 2, NULL, '57.28.11.231', NULL, '4.85714', 'Speedo Meter', 'BE', '2019-10-07 02:16:07', '2019-10-07 02:16:07'),
(494, 2, NULL, '205.249.119.101', NULL, '0', 'Speedo Meter', 'US', '2019-10-07 02:16:08', '2019-10-07 02:16:08'),
(495, 2, NULL, '34.210.182.25', NULL, '5.42857', 'Speedo Meter', 'US', '2019-10-07 02:16:09', '2019-10-07 02:16:09'),
(496, 2, NULL, '77.124.250.140', NULL, '0', 'Speedo Meter', 'IL', '2019-10-07 02:16:10', '2019-10-07 02:16:10'),
(497, 2, NULL, '166.250.240.198', NULL, '8', 'Speedo Meter', 'US', '2019-10-07 02:16:11', '2019-10-07 02:16:11'),
(498, 2, NULL, '106.200.172.3', NULL, '0', 'Speedo Meter', 'IN', '2019-10-07 02:16:13', '2019-10-07 02:16:13'),
(499, 2, NULL, '169.190.188.114', NULL, '5.14285', 'Speedo Meter', 'US', '2019-10-07 02:16:14', '2019-10-07 02:16:14'),
(500, 2, NULL, '43.172.219.71', NULL, '0', 'Speedo Meter', 'JP', '2019-10-07 02:16:15', '2019-10-07 02:16:15'),
(501, 2, NULL, '219.34.20.253', NULL, '7.71428', 'Speedo Meter', 'JP', '2019-10-07 02:16:16', '2019-10-07 02:16:16'),
(502, 2, NULL, '25.138.103.100', NULL, '0', 'Speedo Meter', 'GB', '2019-10-07 02:16:18', '2019-10-07 02:16:18'),
(503, 2, NULL, '106.200.172.3', NULL, '8.28571', 'Speedo Meter', 'IN', '2019-10-07 02:16:57', '2019-10-07 02:16:57'),
(504, 2, NULL, '112.165.235.168', NULL, '0', 'Speedo Meter', 'KR', '2019-10-07 02:17:46', '2019-10-07 02:17:46'),
(505, 2, NULL, '220.142.48.70', NULL, '6.57142', 'Speedo Meter', 'TW', '2019-10-07 02:17:48', '2019-10-07 02:17:48'),
(506, 2, NULL, '111.59.216.136', NULL, '12.2857', 'Speedo Meter', 'CN', '2019-10-07 02:17:50', '2019-10-07 02:17:50'),
(507, 2, NULL, '180.135.133.6', NULL, '18', 'Speedo Meter', 'KR', '2019-10-07 02:17:51', '2019-10-07 02:17:51'),
(508, 2, NULL, '205.249.119.101', NULL, '1.71428', 'Speedo Meter', 'US', '2019-10-07 02:17:52', '2019-10-07 02:17:52'),
(509, 2, NULL, '26.126.41.84', NULL, '8', 'Speedo Meter', 'US', '2019-10-07 02:17:53', '2019-10-07 02:17:53'),
(510, 2, NULL, '73.83.197.226', NULL, '0', 'Speedo Meter', 'US', '2019-10-07 02:17:54', '2019-10-07 02:17:54'),
(511, 2, NULL, '101.55.229.215', NULL, '6.57142', 'Speedo Meter', 'CN', '2019-10-07 02:17:55', '2019-10-07 02:17:55'),
(512, 2, NULL, '25.14.247.175', NULL, '0', 'Speedo Meter', 'GB', '2019-10-07 02:17:57', '2019-10-07 02:17:57'),
(513, 2, NULL, '157.44.53.195', NULL, '6', 'Speedo Meter', 'IN', '2019-10-07 02:17:58', '2019-10-07 02:17:58'),
(514, 2, NULL, '72.60.86.251', NULL, '0', 'Speedo Meter', 'US', '2019-10-07 02:17:59', '2019-10-07 02:17:59'),
(515, 2, NULL, '36.109.124.22', NULL, '13.1428', 'Speedo Meter', 'CN', '2019-10-07 02:18:01', '2019-10-07 02:18:01'),
(516, 2, NULL, '133.4.127.116', NULL, '0', 'Speedo Meter', 'JP', '2019-10-07 02:18:02', '2019-10-07 02:18:02'),
(517, 2, NULL, '82.212.51.128', NULL, '11.4285', 'Speedo Meter', 'DE', '2019-10-07 02:18:03', '2019-10-07 02:18:03'),
(518, 2, NULL, '169.210.32.41', NULL, '0', 'Speedo Meter', 'KR', '2019-10-07 02:18:04', '2019-10-07 02:18:04'),
(519, 2, NULL, '219.98.86.136', NULL, '60', 'Speedo Meter', 'JP', '2019-10-07 02:18:22', '2019-10-07 02:18:22'),
(520, 2, NULL, '148.180.204.222', NULL, '15.1428', 'Speedo Meter', 'US', '2019-10-07 02:19:26', '2019-10-07 02:19:26'),
(521, 2, NULL, '32.5.187.153', NULL, '14', 'Speedo Meter', 'US', '2019-10-07 02:20:43', '2019-10-07 02:20:43'),
(522, 2, NULL, '2.99.236.118', NULL, '46.2857', 'Speedo Meter', 'GB', '2019-10-07 02:21:34', '2019-10-07 02:21:34'),
(523, 2, NULL, '206.36.74.4', NULL, '58', 'Speedo Meter', 'US', '2019-10-07 02:21:35', '2019-10-07 02:21:35'),
(524, 2, NULL, '117.231.40.17', NULL, '52.2857', 'Speedo Meter', 'IN', '2019-10-07 02:21:36', '2019-10-07 02:21:36'),
(525, 2, NULL, '17.86.124.108', NULL, '44.2857', 'Speedo Meter', 'US', '2019-10-07 02:21:36', '2019-10-07 02:21:36'),
(526, 2, NULL, '206.112.198.141', NULL, '52.2857', 'Speedo Meter', 'US', '2019-10-07 02:21:37', '2019-10-07 02:21:37'),
(527, 2, NULL, '213.165.183.165', NULL, '59.1428', 'Speedo Meter', 'MT', '2019-10-07 02:21:38', '2019-10-07 02:21:38'),
(528, 2, NULL, '223.199.69.4', NULL, '54.8571', 'Speedo Meter', 'CN', '2019-10-07 02:21:39', '2019-10-07 02:21:39'),
(529, 2, NULL, '89.17.73.58', NULL, '62', 'Speedo Meter', 'FI', '2019-10-07 02:21:39', '2019-10-07 02:21:39'),
(530, 2, NULL, '188.224.42.50', NULL, '57.7142', 'Speedo Meter', 'FR', '2019-10-07 02:21:40', '2019-10-07 02:21:40'),
(531, 2, NULL, '4.71.88.225', NULL, '60.8571', 'Speedo Meter', 'US', '2019-10-07 02:21:40', '2019-10-07 02:21:40'),
(532, 2, NULL, '193.63.244.13', NULL, '52.8571', 'Speedo Meter', 'GB', '2019-10-07 02:21:41', '2019-10-07 02:21:41'),
(533, 2, NULL, '155.158.69.126', NULL, '60.2857', 'Speedo Meter', 'PL', '2019-10-07 02:21:41', '2019-10-07 02:21:41'),
(534, 2, NULL, '1.232.141.106', NULL, '56', 'Speedo Meter', 'KR', '2019-10-07 02:21:42', '2019-10-07 02:21:42'),
(535, 2, NULL, '213.165.183.165', NULL, '62.2857', 'Speedo Meter', 'MT', '2019-10-07 02:21:42', '2019-10-07 02:21:42'),
(536, 2, NULL, '177.51.235.254', NULL, '54.2857', 'Speedo Meter', 'BR', '2019-10-07 02:21:43', '2019-10-07 02:21:43'),
(537, 2, NULL, '223.80.240.194', NULL, '60.2857', 'Speedo Meter', 'CN', '2019-10-07 02:21:43', '2019-10-07 02:21:43'),
(538, 2, NULL, '223.80.240.194', NULL, '62.5714', 'Speedo Meter', 'CN', '2019-10-07 02:21:44', '2019-10-07 02:21:44'),
(539, 2, NULL, '133.19.206.205', NULL, '64.2857', 'Speedo Meter', 'JP', '2019-10-07 02:21:44', '2019-10-07 02:21:44'),
(540, 2, NULL, '135.169.185.164', NULL, '64.8571', 'Speedo Meter', 'US', '2019-10-07 02:21:44', '2019-10-07 02:21:44'),
(541, 2, NULL, '193.9.233.115', NULL, '65.4285', 'Speedo Meter', 'DK', '2019-10-07 02:21:45', '2019-10-07 02:21:45'),
(542, 2, NULL, '172.174.134.181', NULL, '66', 'Speedo Meter', 'DE', '2019-10-07 02:21:45', '2019-10-07 02:21:45'),
(543, 2, NULL, '134.144.62.131', NULL, '61.7142', 'Speedo Meter', 'AU', '2019-10-07 02:21:46', '2019-10-07 02:21:46'),
(544, 2, NULL, '23.126.49.123', NULL, '61.4285', 'Speedo Meter', 'US', '2019-10-07 02:21:46', '2019-10-07 02:21:46'),
(545, 2, NULL, '80.143.218.150', NULL, '58.2857', 'Speedo Meter', 'DE', '2019-10-07 02:21:46', '2019-10-07 02:21:46'),
(546, 2, NULL, '211.181.14.37', NULL, '55.4285', 'Speedo Meter', 'KR', '2019-10-07 02:21:46', '2019-10-07 02:21:46'),
(547, 2, NULL, '187.44.165.183', NULL, '53.4285', 'Speedo Meter', 'BR', '2019-10-07 02:21:48', '2019-10-07 02:21:48'),
(548, 2, NULL, '43.144.78.215', NULL, '53.1428', 'Speedo Meter', 'JP', '2019-10-07 02:21:49', '2019-10-07 02:21:49'),
(549, 2, NULL, '29.96.139.153', NULL, '52', 'Speedo Meter', 'US', '2019-10-07 02:21:49', '2019-10-07 02:21:49'),
(550, 2, NULL, '113.141.111.131', NULL, '57.4285', 'Speedo Meter', 'CN', '2019-10-07 02:21:50', '2019-10-07 02:21:50'),
(551, 2, NULL, '81.21.114.255', NULL, '56.2857', 'Speedo Meter', 'AT', '2019-10-07 02:21:50', '2019-10-07 02:21:50'),
(552, 2, NULL, '8.103.236.107', NULL, '63.7142', 'Speedo Meter', 'US', '2019-10-07 02:21:51', '2019-10-07 02:21:51'),
(553, 2, NULL, '208.120.229.17', NULL, '65.4285', 'Speedo Meter', 'US', '2019-10-07 02:21:51', '2019-10-07 02:21:51'),
(554, 2, NULL, '203.216.216.178', NULL, '65.7142', 'Speedo Meter', 'JP', '2019-10-07 02:21:51', '2019-10-07 02:21:51'),
(555, 2, NULL, '130.89.53.255', NULL, '64', 'Speedo Meter', 'NL', '2019-10-07 02:21:52', '2019-10-07 02:21:52'),
(556, 2, NULL, '36.234.41.11', NULL, '60.2857', 'Speedo Meter', 'TW', '2019-10-07 02:21:52', '2019-10-07 02:21:52'),
(557, 2, NULL, '146.194.21.33', NULL, '59.1428', 'Speedo Meter', 'GB', '2019-10-07 02:21:52', '2019-10-07 02:21:52'),
(558, 2, NULL, '28.66.245.8', NULL, '58', 'Speedo Meter', 'US', '2019-10-07 02:21:53', '2019-10-07 02:21:53'),
(559, 2, NULL, '58.34.251.134', NULL, '56.5714', 'Speedo Meter', 'CN', '2019-10-07 02:21:53', '2019-10-07 02:21:53'),
(560, 2, NULL, '166.250.240.198', NULL, '55.7142', 'Speedo Meter', 'US', '2019-10-07 02:21:53', '2019-10-07 02:21:53'),
(561, 2, NULL, '62.15.143.162', NULL, '50.8571', 'Speedo Meter', 'ES', '2019-10-07 02:21:54', '2019-10-07 02:21:54'),
(562, 2, NULL, '97.62.20.170', NULL, '51.4285', 'Speedo Meter', 'US', '2019-10-07 02:21:55', '2019-10-07 02:21:55'),
(563, 2, NULL, '118.114.218.234', NULL, '52.8571', 'Speedo Meter', 'CN', '2019-10-07 02:21:55', '2019-10-07 02:21:55'),
(564, 2, NULL, '208.60.185.234', NULL, '55.1428', 'Speedo Meter', 'US', '2019-10-07 02:21:55', '2019-10-07 02:21:55'),
(565, 2, NULL, '167.28.148.148', NULL, '57.7142', 'Speedo Meter', 'CL', '2019-10-07 02:21:56', '2019-10-07 02:21:56'),
(566, 2, NULL, '110.170.8.43', NULL, '60', 'Speedo Meter', 'TH', '2019-10-07 02:21:58', '2019-10-07 02:21:58'),
(567, 2, NULL, '121.37.76.15', NULL, '59.7142', 'Speedo Meter', 'CN', '2019-10-07 02:21:59', '2019-10-07 02:21:59'),
(568, 2, NULL, '75.237.196.12', NULL, '53.7142', 'Speedo Meter', 'US', '2019-10-07 02:22:00', '2019-10-07 02:22:00'),
(569, 2, NULL, '90.58.20.180', NULL, '49.7142', 'Speedo Meter', 'FR', '2019-10-07 02:22:01', '2019-10-07 02:22:01'),
(570, 2, NULL, '68.203.42.110', NULL, '47.4285', 'Speedo Meter', 'US', '2019-10-07 02:22:02', '2019-10-07 02:22:02'),
(571, 2, NULL, '183.40.159.164', NULL, '53.4285', 'Speedo Meter', 'CN', '2019-10-07 02:22:03', '2019-10-07 02:22:03'),
(572, 2, NULL, '197.68.27.231', NULL, '55.7142', 'Speedo Meter', 'ZA', '2019-10-07 02:22:04', '2019-10-07 02:22:04'),
(573, 2, NULL, '222.84.7.39', NULL, '58.5714', 'Speedo Meter', 'CN', '2019-10-07 02:22:05', '2019-10-07 02:22:05'),
(574, 2, NULL, '195.222.13.166', NULL, '61.7142', 'Speedo Meter', 'EE', '2019-10-07 02:22:05', '2019-10-07 02:22:05'),
(575, 2, NULL, '132.208.116.60', NULL, '63.7142', 'Speedo Meter', 'CA', '2019-10-07 02:22:05', '2019-10-07 02:22:05'),
(576, 2, NULL, '41.111.174.29', NULL, '64', 'Speedo Meter', 'DZ', '2019-10-07 02:22:06', '2019-10-07 02:22:06'),
(577, 2, NULL, '6.185.145.168', NULL, '66.8571', 'Speedo Meter', 'US', '2019-10-07 02:22:07', '2019-10-07 02:22:07'),
(578, 2, NULL, '44.19.218.13', NULL, '59.7142', 'Speedo Meter', 'US', '2019-10-07 02:22:08', '2019-10-07 02:22:08'),
(579, 2, NULL, '21.119.20.252', NULL, '52.2857', 'Speedo Meter', 'US', '2019-10-07 02:22:09', '2019-10-07 02:22:09'),
(580, 2, NULL, '199.51.38.18', NULL, '47.1428', 'Speedo Meter', 'US', '2019-10-07 02:22:11', '2019-10-07 02:22:11'),
(581, 2, NULL, '215.130.4.137', NULL, '42.8571', 'Speedo Meter', 'US', '2019-10-07 02:22:12', '2019-10-07 02:22:12'),
(582, 2, NULL, '205.236.55.77', NULL, '50.2857', 'Speedo Meter', 'CA', '2019-10-07 02:22:13', '2019-10-07 02:22:13'),
(583, 2, NULL, '17.56.227.201', NULL, '53.7142', 'Speedo Meter', 'US', '2019-10-07 02:22:15', '2019-10-07 02:22:15'),
(584, 2, NULL, '136.117.29.127', NULL, '57.4285', 'Speedo Meter', 'US', '2019-10-07 02:22:16', '2019-10-07 02:22:16'),
(585, 2, NULL, '129.142.67.165', NULL, '66', 'Speedo Meter', 'DK', '2019-10-07 02:22:16', '2019-10-07 02:22:16'),
(586, 2, NULL, '111.59.216.136', NULL, '70', 'Speedo Meter', 'CN', '2019-10-07 02:22:16', '2019-10-07 02:22:16'),
(587, 2, NULL, '133.19.206.205', NULL, '62.5714', 'Speedo Meter', 'JP', '2019-10-07 02:22:17', '2019-10-07 02:22:17'),
(588, 2, NULL, '93.221.60.148', NULL, '66', 'Speedo Meter', 'DE', '2019-10-07 02:22:17', '2019-10-07 02:22:17'),
(589, 2, NULL, '39.32.42.114', NULL, '58.8571', 'Speedo Meter', 'PK', '2019-10-07 02:22:17', '2019-10-07 02:22:17'),
(590, 2, NULL, '196.123.26.15', NULL, '56.2857', 'Speedo Meter', 'MA', '2019-10-07 02:22:18', '2019-10-07 02:22:18'),
(591, 2, NULL, '71.50.38.38', NULL, '54', 'Speedo Meter', 'US', '2019-10-07 02:22:18', '2019-10-07 02:22:18'),
(592, 2, NULL, '142.86.7.32', NULL, '50', 'Speedo Meter', 'CA', '2019-10-07 02:22:20', '2019-10-07 02:22:20'),
(593, 2, NULL, '152.51.52.108', NULL, '49.7142', 'Speedo Meter', 'US', '2019-10-07 02:22:20', '2019-10-07 02:22:20'),
(594, 2, NULL, '66.2.130.170', NULL, '53.7142', 'Speedo Meter', 'US', '2019-10-07 02:22:21', '2019-10-07 02:22:21'),
(595, 2, NULL, '144.96.48.206', NULL, '55.7142', 'Speedo Meter', 'US', '2019-10-07 02:22:22', '2019-10-07 02:22:22'),
(596, 2, NULL, '94.98.210.246', NULL, '59.4285', 'Speedo Meter', 'SA', '2019-10-07 02:22:22', '2019-10-07 02:22:22'),
(597, 2, NULL, '20.88.126.108', NULL, '62', 'Speedo Meter', 'US', '2019-10-07 02:22:24', '2019-10-07 02:22:24'),
(598, 2, NULL, '27.221.6.131', NULL, '64.8571', 'Speedo Meter', 'CN', '2019-10-07 02:22:26', '2019-10-07 02:22:26'),
(599, 2, NULL, '142.1.89.185', NULL, '65.7142', 'Speedo Meter', 'CA', '2019-10-07 02:22:27', '2019-10-07 02:22:27'),
(600, 2, NULL, '110.239.100.38', NULL, '59.4285', 'Speedo Meter', 'AU', '2019-10-07 02:22:29', '2019-10-07 02:22:29'),
(601, 2, NULL, '179.138.152.91', NULL, '56.5714', 'Speedo Meter', 'BR', '2019-10-07 02:22:30', '2019-10-07 02:22:30'),
(602, 2, NULL, '119.217.215.169', NULL, '47.4285', 'Speedo Meter', 'KR', '2019-10-07 02:22:52', '2019-10-07 02:22:52'),
(603, 2, NULL, '135.169.185.164', NULL, '58.5714', 'Speedo Meter', 'US', '2019-10-07 02:23:01', '2019-10-07 02:23:01'),
(604, 2, NULL, '144.96.48.206', NULL, '68.5714', 'Speedo Meter', 'US', '2019-10-07 02:23:02', '2019-10-07 02:23:02'),
(605, 2, NULL, '113.141.111.131', NULL, '61.1428', 'Speedo Meter', 'CN', '2019-10-07 02:23:03', '2019-10-07 02:23:03'),
(606, 2, NULL, '149.239.239.221', NULL, '66', 'Speedo Meter', 'DE', '2019-10-07 02:23:04', '2019-10-07 02:23:04'),
(607, 2, NULL, '112.65.245.9', NULL, '60', 'Speedo Meter', 'CN', '2019-10-07 02:23:04', '2019-10-07 02:23:04'),
(608, 2, NULL, '20.65.7.96', NULL, '53.4285', 'Speedo Meter', 'US', '2019-10-07 02:23:05', '2019-10-07 02:23:05'),
(609, 2, NULL, '188.88.131.136', NULL, '47.7142', 'Speedo Meter', 'NL', '2019-10-07 02:23:06', '2019-10-07 02:23:06'),
(610, 2, NULL, '193.104.68.93', NULL, '41.7142', 'Speedo Meter', 'RS', '2019-10-07 02:23:07', '2019-10-07 02:23:07'),
(611, 2, NULL, '15.170.40.201', NULL, '45.4285', 'Speedo Meter', 'US', '2019-10-07 02:23:07', '2019-10-07 02:23:07'),
(612, 2, NULL, '69.253.36.184', NULL, '46.5714', 'Speedo Meter', 'US', '2019-10-07 02:23:07', '2019-10-07 02:23:07'),
(613, 2, NULL, '136.152.100.41', NULL, '51.7142', 'Speedo Meter', 'US', '2019-10-07 02:23:09', '2019-10-07 02:23:09'),
(614, 2, NULL, '46.179.71.246', NULL, '58', 'Speedo Meter', 'BE', '2019-10-07 02:23:09', '2019-10-07 02:23:09'),
(615, 2, NULL, '129.228.243.18', NULL, '56.8571', 'Speedo Meter', 'US', '2019-10-07 02:23:10', '2019-10-07 02:23:10'),
(616, 2, NULL, '40.203.131.46', NULL, '60.5714', 'Speedo Meter', 'US', '2019-10-07 02:23:11', '2019-10-07 02:23:11'),
(617, 2, NULL, '125.107.157.212', NULL, '62', 'Speedo Meter', 'CN', '2019-10-07 02:23:11', '2019-10-07 02:23:11'),
(618, 2, NULL, '44.173.31.116', NULL, '63.4285', 'Speedo Meter', 'US', '2019-10-07 02:23:11', '2019-10-07 02:23:11'),
(619, 2, NULL, '34.210.182.25', NULL, '63.7142', 'Speedo Meter', 'US', '2019-10-07 02:23:11', '2019-10-07 02:23:11'),
(620, 2, NULL, '169.180.138.150', NULL, '67.4285', 'Speedo Meter', 'US', '2019-10-07 02:23:12', '2019-10-07 02:23:12'),
(621, 2, NULL, '101.55.229.215', NULL, '66.2857', 'Speedo Meter', 'CN', '2019-10-07 02:23:12', '2019-10-07 02:23:12'),
(622, 2, NULL, '125.231.14.141', NULL, '65.4285', 'Speedo Meter', 'TW', '2019-10-07 02:23:12', '2019-10-07 02:23:12'),
(623, 2, NULL, '197.71.18.131', NULL, '62.2857', 'Speedo Meter', 'ZA', '2019-10-07 02:23:14', '2019-10-07 02:23:14'),
(624, 2, NULL, '105.64.4.84', NULL, '60', 'Speedo Meter', 'MA', '2019-10-07 02:23:14', '2019-10-07 02:23:14'),
(625, 2, NULL, '132.208.116.60', NULL, '63.1428', 'Speedo Meter', 'CA', '2019-10-07 02:23:15', '2019-10-07 02:23:15'),
(626, 2, NULL, '152.51.52.108', NULL, '55.4285', 'Speedo Meter', 'US', '2019-10-07 02:23:16', '2019-10-07 02:23:16'),
(627, 2, NULL, '67.17.140.138', NULL, '56.2857', 'Speedo Meter', 'US', '2019-10-07 02:23:16', '2019-10-07 02:23:16'),
(628, 2, NULL, '11.69.58.83', NULL, '52', 'Speedo Meter', 'US', '2019-10-07 02:23:17', '2019-10-07 02:23:17'),
(629, 2, NULL, '36.234.41.11', NULL, '49.4285', 'Speedo Meter', 'TW', '2019-10-07 02:23:17', '2019-10-07 02:23:17'),
(630, 2, NULL, '77.124.250.140', NULL, '49.1428', 'Speedo Meter', 'IL', '2019-10-07 02:23:18', '2019-10-07 02:23:18'),
(631, 2, NULL, '15.171.45.219', NULL, '56.5714', 'Speedo Meter', 'US', '2019-10-07 02:23:19', '2019-10-07 02:23:19'),
(632, 2, NULL, '129.228.243.18', NULL, '46.5714', 'Speedo Meter', 'US', '2019-10-07 02:23:20', '2019-10-07 02:23:20'),
(633, 2, NULL, '153.3.63.53', NULL, '52.8571', 'Speedo Meter', 'CN', '2019-10-07 02:23:20', '2019-10-07 02:23:20'),
(634, 2, NULL, '53.37.23.4', NULL, '58.5714', 'Speedo Meter', 'DE', '2019-10-07 02:23:21', '2019-10-07 02:23:21'),
(635, 2, NULL, '172.183.94.176', NULL, '63.4285', 'Speedo Meter', 'DE', '2019-10-07 02:23:22', '2019-10-07 02:23:22'),
(636, 2, NULL, '21.142.139.12', NULL, '64.2857', 'Speedo Meter', 'US', '2019-10-07 02:23:23', '2019-10-07 02:23:23'),
(637, 2, NULL, '206.36.74.4', NULL, '52.8571', 'Speedo Meter', 'US', '2019-10-07 02:23:23', '2019-10-07 02:23:23'),
(638, 2, NULL, '206.112.198.141', NULL, '50.2857', 'Speedo Meter', 'US', '2019-10-07 02:23:24', '2019-10-07 02:23:24'),
(639, 2, NULL, '128.59.168.153', NULL, '45.7142', 'Speedo Meter', 'US', '2019-10-07 02:23:25', '2019-10-07 02:23:25'),
(640, 2, NULL, '73.83.197.226', NULL, '46.8571', 'Speedo Meter', 'US', '2019-10-07 02:23:26', '2019-10-07 02:23:26'),
(641, 2, NULL, '7.68.63.110', NULL, '50', 'Speedo Meter', 'US', '2019-10-07 02:23:26', '2019-10-07 02:23:26'),
(642, 2, NULL, '206.170.232.140', NULL, '55.7142', 'Speedo Meter', 'US', '2019-10-07 02:23:28', '2019-10-07 02:23:28'),
(643, 2, NULL, '72.105.51.197', NULL, '58.5714', 'Speedo Meter', 'US', '2019-10-07 02:23:29', '2019-10-07 02:23:29'),
(644, 2, NULL, '195.222.13.166', NULL, '63.7142', 'Speedo Meter', 'EE', '2019-10-07 02:23:30', '2019-10-07 02:23:30'),
(645, 2, NULL, '136.72.210.67', NULL, '66.8571', 'Speedo Meter', 'US', '2019-10-07 02:23:31', '2019-10-07 02:23:31'),
(646, 2, NULL, '195.248.144.231', NULL, '56.2857', 'Speedo Meter', 'DE', '2019-10-07 02:23:32', '2019-10-07 02:23:32'),
(647, 2, NULL, '88.203.242.88', NULL, '52', 'Speedo Meter', 'BG', '2019-10-07 02:23:33', '2019-10-07 02:23:33'),
(648, 2, NULL, '217.116.186.69', NULL, '46.8571', 'Speedo Meter', 'AT', '2019-10-07 02:23:33', '2019-10-07 02:23:33'),
(649, 2, NULL, '188.112.250.147', NULL, '44.2857', 'Speedo Meter', 'RU', '2019-10-07 02:23:34', '2019-10-07 02:23:34'),
(650, 2, NULL, '60.98.53.227', NULL, '47.7142', 'Speedo Meter', 'JP', '2019-10-07 02:23:35', '2019-10-07 02:23:35'),
(651, 2, NULL, '99.196.171.13', NULL, '52.8571', 'Speedo Meter', 'US', '2019-10-07 02:23:36', '2019-10-07 02:23:36'),
(652, 2, NULL, '63.242.255.36', NULL, '58.5714', 'Speedo Meter', 'US', '2019-10-07 02:23:37', '2019-10-07 02:23:37'),
(653, 2, NULL, '12.230.92.24', NULL, '63.4285', 'Speedo Meter', 'US', '2019-10-07 02:23:37', '2019-10-07 02:23:37'),
(654, 2, NULL, '77.18.113.255', NULL, '66', 'Speedo Meter', 'NO', '2019-10-07 02:23:38', '2019-10-07 02:23:38'),
(655, 2, NULL, '37.49.132.5', NULL, '56.5714', 'Speedo Meter', 'DK', '2019-10-07 02:23:40', '2019-10-07 02:23:40'),
(656, 2, NULL, '52.249.67.97', NULL, '48.2857', 'Speedo Meter', 'IN', '2019-10-07 02:23:41', '2019-10-07 02:23:41'),
(657, 2, NULL, '29.97.54.96', NULL, '39.1428', 'Speedo Meter', 'US', '2019-10-07 02:23:41', '2019-10-07 02:23:41'),
(658, 2, NULL, '141.178.208.253', NULL, '54.2857', 'Speedo Meter', 'JP', '2019-10-07 02:23:57', '2019-10-07 02:23:57'),
(659, 2, NULL, '133.4.127.116', NULL, '22.5714', 'Speedo Meter', 'JP', '2019-10-07 02:26:22', '2019-10-07 02:26:22'),
(660, 2, NULL, '203.48.138.37', NULL, '38.5714', 'Speedo Meter', 'AU', '2019-10-07 02:26:49', '2019-10-07 02:26:49'),
(661, 2, NULL, '222.84.7.39', NULL, '50.5714', 'Speedo Meter', 'CN', '2019-10-07 02:26:53', '2019-10-07 02:26:53'),
(662, 2, NULL, '29.110.206.191', NULL, '62.5714', 'Speedo Meter', 'US', '2019-10-07 02:26:54', '2019-10-07 02:26:54'),
(663, 2, NULL, '70.177.163.28', NULL, '51.7142', 'Speedo Meter', 'US', '2019-10-07 02:27:37', '2019-10-07 02:27:37'),
(664, 2, NULL, '88.203.242.88', NULL, '46', 'Speedo Meter', 'BG', '2019-10-07 02:27:50', '2019-10-07 02:27:50'),
(665, 2, NULL, '6.155.247.6', NULL, '44.2857', 'Speedo Meter', 'US', '2019-10-07 02:28:44', '2019-10-07 02:28:44'),
(666, 2, NULL, '187.44.165.183', NULL, '37.1428', 'Speedo Meter', 'BR', '2019-10-07 02:33:15', '2019-10-07 02:33:15'),
(667, 2, NULL, '142.11.138.148', NULL, '15.4285', 'Speedo Meter', 'US', '2019-10-07 02:39:08', '2019-10-07 02:39:08'),
(668, 2, NULL, '24.210.211.171', NULL, '46.8571', 'Speedo Meter', 'US', '2019-10-07 02:49:01', '2019-10-07 02:49:01'),
(669, 2, NULL, '89.218.55.133', NULL, '35.4285', 'Speedo Meter', 'KZ', '2019-10-07 02:49:37', '2019-10-07 02:49:37'),
(670, 2, NULL, '170.141.192.27', NULL, '16.5714', 'Speedo Meter', 'US', '2019-10-07 02:51:30', '2019-10-07 02:51:30'),
(671, 2, NULL, '199.187.86.120', NULL, '26.5714', 'Speedo Meter', 'US', '2019-10-07 02:51:39', '2019-10-07 02:51:39'),
(672, 2, NULL, '182.229.72.42', NULL, '30.8571', 'Speedo Meter', 'KR', '2019-10-07 02:51:40', '2019-10-07 02:51:40'),
(673, 2, NULL, '46.230.249.44', NULL, '34.5714', 'Speedo Meter', 'SE', '2019-10-07 02:51:42', '2019-10-07 02:51:42'),
(674, 2, NULL, '66.65.127.182', NULL, '36.5714', 'Speedo Meter', 'US', '2019-10-07 02:51:43', '2019-10-07 02:51:43'),
(675, 2, NULL, '29.110.206.191', NULL, '38', 'Speedo Meter', 'US', '2019-10-07 02:51:45', '2019-10-07 02:51:45'),
(676, 2, NULL, '4.107.12.248', NULL, '42', 'Speedo Meter', 'US', '2019-10-07 02:51:48', '2019-10-07 02:51:48'),
(677, 2, NULL, '188.88.131.136', NULL, '25.4285', 'Speedo Meter', 'NL', '2019-10-07 02:53:06', '2019-10-07 02:53:06'),
(678, 2, NULL, '138.166.158.38', NULL, '35.4285', 'Speedo Meter', 'US', '2019-10-07 02:53:07', '2019-10-07 02:53:07'),
(679, 2, NULL, '136.117.29.127', NULL, '50.8571', 'Speedo Meter', 'US', '2019-10-07 02:53:09', '2019-10-07 02:53:09'),
(680, 2, NULL, '62.120.160.183', NULL, '63.4285', 'Speedo Meter', 'SA', '2019-10-07 02:53:11', '2019-10-07 02:53:11'),
(681, 2, NULL, '125.107.157.212', NULL, '74.2857', 'Speedo Meter', 'CN', '2019-10-07 02:53:12', '2019-10-07 02:53:12'),
(682, 2, NULL, '62.202.56.184', NULL, '86.2857', 'Speedo Meter', 'CH', '2019-10-07 02:53:13', '2019-10-07 02:53:13'),
(683, 2, NULL, '56.180.223.63', NULL, '22.5714', 'Speedo Meter', 'US', '2019-10-07 02:56:13', '2019-10-07 02:56:13'),
(684, 2, NULL, '96.184.120.51', NULL, '37.4285', 'Speedo Meter', 'US', '2019-10-07 02:56:15', '2019-10-07 02:56:15'),
(685, 2, NULL, '166.13.76.86', NULL, '54', 'Speedo Meter', 'CH', '2019-10-07 02:56:17', '2019-10-07 02:56:17'),
(686, 2, NULL, '42.110.169.5', NULL, '72.2857', 'Speedo Meter', 'IN', '2019-10-07 02:56:19', '2019-10-07 02:56:19'),
(687, 2, NULL, '53.37.23.4', NULL, '87.1428', 'Speedo Meter', 'DE', '2019-10-07 02:56:20', '2019-10-07 02:56:20'),
(688, 2, NULL, '109.172.23.109', NULL, '64.8571', 'Speedo Meter', 'RU', '2019-10-07 02:56:22', '2019-10-07 02:56:22'),
(689, 2, NULL, '183.40.159.164', NULL, '58.5714', 'Speedo Meter', 'CN', '2019-10-07 02:59:07', '2019-10-07 02:59:07'),
(690, 2, NULL, '81.21.114.255', NULL, '64.5714', 'Speedo Meter', 'AT', '2019-10-07 02:59:29', '2019-10-07 02:59:29'),
(691, 2, NULL, '62.120.160.183', NULL, '11.1428', 'Speedo Meter', 'SA', '2019-10-07 03:01:34', '2019-10-07 03:01:34'),
(692, 2, NULL, '107.18.22.55', NULL, '14.5714', 'Speedo Meter', 'US', '2019-10-07 03:02:40', '2019-10-07 03:02:40'),
(693, 2, NULL, '166.213.55.148', NULL, '100', 'Speedo Meter', 'US', '2019-10-07 03:02:46', '2019-10-07 03:02:46'),
(694, 2, NULL, '146.179.12.161', NULL, '94.5714', 'Speedo Meter', 'GB', '2019-10-07 03:02:49', '2019-10-07 03:02:49'),
(695, 2, NULL, '89.218.55.133', NULL, '90.2857', 'Speedo Meter', 'KZ', '2019-10-07 03:02:51', '2019-10-07 03:02:51'),
(696, 2, NULL, '30.130.152.49', NULL, '85.7142', 'Speedo Meter', 'US', '2019-10-07 03:02:53', '2019-10-07 03:02:53'),
(697, 2, NULL, '74.230.219.92', NULL, '90', 'Speedo Meter', 'US', '2019-10-07 03:02:54', '2019-10-07 03:02:54'),
(698, 2, NULL, '55.85.4.21', NULL, '82', 'Speedo Meter', 'US', '2019-10-07 03:02:55', '2019-10-07 03:02:55'),
(699, 2, NULL, '68.4.71.85', NULL, '93.1428', 'Speedo Meter', 'US', '2019-10-07 03:02:57', '2019-10-07 03:02:57'),
(700, 2, NULL, '70.232.186.234', NULL, '91.1428', 'Speedo Meter', 'US', '2019-10-07 03:02:58', '2019-10-07 03:02:58'),
(701, 2, NULL, '172.174.134.181', NULL, '92.8571', 'Speedo Meter', 'DE', '2019-10-07 03:03:00', '2019-10-07 03:03:00'),
(702, 2, NULL, '25.175.34.157', NULL, '90.2857', 'Speedo Meter', 'GB', '2019-10-07 03:03:01', '2019-10-07 03:03:01'),
(703, 2, NULL, '183.9.188.215', NULL, '83.7142', 'Speedo Meter', 'CN', '2019-10-07 03:03:03', '2019-10-07 03:03:03'),
(704, 2, NULL, '213.99.112.9', NULL, '90', 'Speedo Meter', 'ES', '2019-10-07 03:03:05', '2019-10-07 03:03:05'),
(705, 2, NULL, '136.71.200.24', NULL, '17.7142', 'Speedo Meter', 'US', '2019-10-07 03:04:18', '2019-10-07 03:04:18'),
(706, 1, NULL, '118.77.31.176', '29.679275034903583', NULL, 'Speedo Meter', 'CN', '2019-10-07 03:04:31', '2019-10-07 03:04:31'),
(707, 1, NULL, '221.80.246.224', '-45.76991271895035', NULL, 'Speedo Meter', 'JP', '2019-10-07 03:04:36', '2019-10-07 03:04:36'),
(708, 1, NULL, '183.9.188.215', '-39.47670206120095', NULL, 'Speedo Meter', 'CN', '2019-10-07 03:04:42', '2019-10-07 03:04:42'),
(709, 1, NULL, '25.175.34.157', '-17.934756730060457', NULL, 'Speedo Meter', 'GB', '2019-10-07 03:19:14', '2019-10-07 03:19:14'),
(710, 2, NULL, '223.199.69.4', NULL, '18.5714', 'Speedo Meter', 'CN', '2019-10-08 02:33:33', '2019-10-08 02:33:33'),
(711, 2, NULL, '69.36.231.23', NULL, '29.1428', 'Speedo Meter', 'US', '2019-10-08 02:36:58', '2019-10-08 02:36:58'),
(712, 3, NULL, '183.174.62.45', '-37.068979143322935', NULL, 'Speedo Meter', 'CN', '2019-10-12 21:50:15', '2019-10-12 21:50:15'),
(713, 3, NULL, '106.181.75.90', '58.0354936015516', NULL, 'Speedo Meter', 'JP', '2019-10-12 22:51:35', '2019-10-12 22:51:35'),
(714, 2, NULL, '49.21.213.237', NULL, '34.2857', 'Speedo Meter', 'KR', '2019-10-12 22:55:02', '2019-10-12 22:55:02'),
(715, 2, NULL, '74.210.65.203', NULL, '51.7142', 'Speedo Meter', 'CA', '2019-10-12 23:58:15', '2019-10-12 23:58:15'),
(716, 2, NULL, '76.93.236.135', NULL, '20', 'Speedo Meter', 'US', '2019-10-12 23:58:54', '2019-10-12 23:58:54'),
(717, 2, NULL, '164.30.167.237', NULL, '100', 'Speedo Meter', 'DE', '2019-10-13 00:04:59', '2019-10-13 00:04:59'),
(718, 2, NULL, '111.59.216.136', NULL, '20', 'Speedo Meter', 'CN', '2019-10-13 00:07:37', '2019-10-13 00:07:37'),
(719, 2, NULL, '179.138.152.91', NULL, '28', 'Speedo Meter', 'BR', '2019-10-13 00:07:43', '2019-10-13 00:07:43'),
(720, 2, NULL, '159.196.125.80', NULL, '32.8571', 'Speedo Meter', 'AU', '2019-10-13 00:07:48', '2019-10-13 00:07:48'),
(721, 2, NULL, '196.223.15.171', NULL, '43.7142', 'Speedo Meter', 'ZA', '2019-10-13 00:07:51', '2019-10-13 00:07:51'),
(722, 2, NULL, '165.60.60.120', NULL, '32.8571', 'Speedo Meter', 'ZM', '2019-10-13 00:08:01', '2019-10-13 00:08:01'),
(723, 2, NULL, '100.250.182.160', NULL, '83.1428', 'Speedo Meter', 'US', '2019-10-13 00:08:28', '2019-10-13 00:08:28'),
(736, 8, NULL, '67.254.47.238', '22.842553944209087', NULL, 'Speedo Meter', 'US', '2019-10-15 22:58:39', '2019-10-15 22:58:39'),
(737, 8, NULL, '88.36.168.225', '43.58424534966973', NULL, 'Speedo Meter', 'IT', '2019-10-15 22:58:42', '2019-10-15 22:58:42'),
(738, 8, NULL, '219.97.83.124', '56.352945692699755', NULL, 'Speedo Meter', 'JP', '2019-10-15 22:58:44', '2019-10-15 22:58:44'),
(739, 14, NULL, '152.136.96.65', '56', NULL, 'Compass', 'CN', '2019-10-21 23:47:43', '2019-10-21 23:47:43'),
(740, 14, NULL, '21.189.94.241', '122', NULL, 'Compass', 'US', '2019-10-21 23:47:53', '2019-10-21 23:47:53'),
(741, 14, NULL, '59.77.202.177', '164', NULL, 'Compass', 'CN', '2019-10-21 23:47:54', '2019-10-21 23:47:54'),
(742, 14, NULL, '162.23.46.120', '210', NULL, 'Compass', 'CH', '2019-10-21 23:47:55', '2019-10-21 23:47:55'),
(743, 14, NULL, '93.138.41.83', '246', NULL, 'Compass', 'HR', '2019-10-21 23:47:56', '2019-10-21 23:47:56'),
(749, 14, NULL, '167.174.176.140', '-8', NULL, 'Compass', 'US', '2019-10-21 23:48:00', '2019-10-21 23:48:00'),
(750, 14, NULL, '55.7.13.83', '3', NULL, 'Compass', 'US', '2019-10-21 23:48:01', '2019-10-21 23:48:01'),
(751, 14, NULL, '217.217.203.170', '33', NULL, 'Compass', 'ES', '2019-10-21 23:48:02', '2019-10-21 23:48:02'),
(752, 14, NULL, '180.151.140.50', '51', NULL, 'Compass', 'IN', '2019-10-21 23:48:05', '2019-10-21 23:48:05'),
(753, 14, NULL, '157.177.242.118', '21', NULL, 'Compass', 'AT', '2019-10-21 23:48:05', '2019-10-21 23:48:05'),
(754, 14, NULL, '99.190.152.108', '0', NULL, 'Compass', 'US', '2019-10-21 23:48:06', '2019-10-21 23:48:06'),
(757, 14, NULL, '182.74.216.92', '276', NULL, 'Compass', 'IN', '2019-10-21 23:48:10', '2019-10-21 23:48:10'),
(768, 13, NULL, '129.181.57.14', '22', NULL, 'Compass', 'FR', '2019-10-21 23:48:39', '2019-10-21 23:48:39'),
(769, 13, NULL, '76.217.112.202', '-1', NULL, 'Compass', 'US', '2019-10-21 23:48:41', '2019-10-21 23:48:41'),
(770, 13, NULL, '202.179.169.107', '-26', NULL, 'Compass', 'CN', '2019-10-21 23:48:43', '2019-10-21 23:48:43'),
(771, 13, NULL, '214.191.131.100', '-40', NULL, 'Compass', 'US', '2019-10-21 23:48:44', '2019-10-21 23:48:44'),
(772, 13, NULL, '185.117.223.196', '47', NULL, 'Compass', 'FI', '2019-10-21 23:48:48', '2019-10-21 23:48:48'),
(773, 13, NULL, '46.38.63.66', '94', NULL, 'Compass', 'RU', '2019-10-21 23:48:55', '2019-10-21 23:48:55'),
(774, 14, NULL, '194.44.53.190', '8', NULL, 'Compass', 'UA', '2019-10-21 23:49:13', '2019-10-21 23:49:13'),
(775, 14, NULL, '191.164.235.52', '13', NULL, 'Compass', 'BR', '2019-10-21 23:49:15', '2019-10-21 23:49:15'),
(776, 14, NULL, '205.169.241.0', '23', NULL, 'Compass', 'US', '2019-10-21 23:49:16', '2019-10-21 23:49:16'),
(777, 12, NULL, '67.247.166.152', NULL, '45.7142', 'Speedo Meter', 'US', '2019-10-22 22:28:15', '2019-10-22 22:28:15'),
(778, 12, NULL, '192.28.205.213', NULL, '61.1428', 'Speedo Meter', 'US', '2019-10-22 22:28:24', '2019-10-22 22:28:24'),
(779, 12, NULL, '49.248.235.47', NULL, '16.5714', 'Speedo Meter', 'IN', '2019-10-22 23:17:43', '2019-10-22 23:17:43'),
(780, 12, NULL, '131.249.216.37', NULL, '23.4285', 'Speedo Meter', 'US', '2019-10-22 23:17:50', '2019-10-22 23:17:50'),
(781, 12, NULL, '74.93.78.28', NULL, '27.1428', 'Speedo Meter', 'US', '2019-10-22 23:17:54', '2019-10-22 23:17:54'),
(782, 12, NULL, '78.18.66.168', NULL, '40', 'Speedo Meter', 'IE', '2019-10-22 23:17:57', '2019-10-22 23:17:57'),
(783, 12, NULL, '204.208.128.254', NULL, '48.5714', 'Speedo Meter', 'US', '2019-10-22 23:18:00', '2019-10-22 23:18:00'),
(784, 12, NULL, '19.186.119.54', NULL, '58.5714', 'Speedo Meter', 'US', '2019-10-22 23:18:03', '2019-10-22 23:18:03'),
(785, 12, NULL, '165.203.170.154', NULL, '61.4285', 'Speedo Meter', 'US', '2019-10-22 23:18:06', '2019-10-22 23:18:06'),
(786, 12, NULL, '61.26.16.3', NULL, '67.1428', 'Speedo Meter', 'JP', '2019-10-22 23:18:08', '2019-10-22 23:18:08'),
(787, 12, NULL, '88.234.66.153', NULL, '70.2857', 'Speedo Meter', 'TR', '2019-10-22 23:18:11', '2019-10-22 23:18:11'),
(788, 12, NULL, '100.37.87.191', NULL, '82.8571', 'Speedo Meter', 'US', '2019-10-22 23:18:14', '2019-10-22 23:18:14'),
(789, 12, NULL, '95.183.53.128', NULL, '20.5714', 'Speedo Meter', 'CH', '2019-10-22 23:30:37', '2019-10-22 23:30:37'),
(790, 12, NULL, '125.173.221.96', NULL, '38.2857', 'Speedo Meter', 'JP', '2019-10-22 23:30:44', '2019-10-22 23:30:44'),
(791, 12, NULL, '88.252.111.36', NULL, '54.5714', 'Speedo Meter', NULL, '2019-10-22 23:30:47', '2019-10-22 23:30:47'),
(792, 12, NULL, '181.152.225.91', NULL, '71.4285', 'Speedo Meter', 'CO', '2019-10-22 23:30:49', '2019-10-22 23:30:49'),
(793, 12, NULL, '40.43.86.30', NULL, '84', 'Speedo Meter', 'US', '2019-10-22 23:30:51', '2019-10-22 23:30:51'),
(794, 12, NULL, '45.211.114.120', NULL, '20.2857', 'Speedo Meter', 'GH', '2019-10-22 23:33:05', '2019-10-22 23:33:05'),
(795, 12, NULL, '20.45.36.223', NULL, '28.2857', 'Speedo Meter', 'US', '2019-10-22 23:33:13', '2019-10-22 23:33:13'),
(796, 12, NULL, '62.233.174.195', NULL, '22.5714', 'Speedo Meter', 'PL', '2019-10-22 23:33:15', '2019-10-22 23:33:15'),
(797, 12, NULL, '30.123.138.20', NULL, '50', 'Speedo Meter', 'US', '2019-10-22 23:33:16', '2019-10-22 23:33:16'),
(798, 12, NULL, '175.255.175.62', NULL, '65.1428', 'Speedo Meter', 'KR', '2019-10-22 23:33:27', '2019-10-22 23:33:27'),
(799, 12, NULL, '212.212.194.8', NULL, '34.2857', 'Speedo Meter', 'GB', '2019-10-22 23:34:32', '2019-10-22 23:34:32'),
(800, 12, NULL, '29.74.45.188', NULL, '40.8571', 'Speedo Meter', 'US', '2019-10-22 23:34:39', '2019-10-22 23:34:39'),
(801, 12, NULL, '69.215.117.71', NULL, '53.7142', 'Speedo Meter', 'US', '2019-10-22 23:34:45', '2019-10-22 23:34:45'),
(802, 12, NULL, '11.197.217.0', NULL, '63.4285', 'Speedo Meter', 'US', '2019-10-22 23:34:46', '2019-10-22 23:34:46'),
(803, 12, NULL, '157.224.138.102', NULL, '75.7142', 'Speedo Meter', NULL, '2019-10-22 23:34:47', '2019-10-22 23:34:47'),
(804, 12, NULL, '180.61.139.156', NULL, '85.4285', 'Speedo Meter', 'JP', '2019-10-22 23:34:48', '2019-10-22 23:34:48'),
(805, 12, NULL, '122.201.224.136', NULL, '76.2857', 'Speedo Meter', 'TW', '2019-10-22 23:34:56', '2019-10-22 23:34:56'),
(806, 11, NULL, '158.215.31.120', '32.65874338566754', NULL, 'Speedo Meter', 'JP', '2019-10-23 14:56:44', '2019-10-23 14:56:44'),
(807, 11, NULL, '119.109.37.102', '-1.6505820687509427', NULL, 'Speedo Meter', 'CN', '2019-10-23 14:56:49', '2019-10-23 14:56:49'),
(808, 11, NULL, '101.32.6.10', '-19.779828092944108', NULL, 'Speedo Meter', 'SG', '2019-10-23 14:56:50', '2019-10-23 14:56:50'),
(809, 11, NULL, '169.192.207.69', '-36.41759261274044', NULL, 'Speedo Meter', 'US', '2019-10-23 14:56:51', '2019-10-23 14:56:51'),
(810, 11, NULL, '145.6.173.202', '-41.31616969853001', NULL, 'Speedo Meter', 'NL', '2019-10-23 14:56:52', '2019-10-23 14:56:52'),
(811, 11, NULL, '169.171.241.105', '-37.129366547113385', NULL, 'Speedo Meter', 'US', '2019-10-23 14:57:24', '2019-10-23 14:57:24'),
(812, 11, NULL, '211.193.176.171', '-17.183212551332055', NULL, 'Speedo Meter', 'KR', '2019-10-23 14:57:25', '2019-10-23 14:57:25'),
(813, 11, NULL, '30.30.206.229', '-0.3326175976952115', NULL, 'Speedo Meter', 'US', '2019-10-23 14:57:26', '2019-10-23 14:57:26'),
(814, 11, NULL, '155.53.242.198', '21.165824896818016', NULL, 'Speedo Meter', 'US', '2019-10-23 14:59:11', '2019-10-23 14:59:11'),
(815, 15, NULL, '177.165.210.7', '24.87745978589674', NULL, 'Speedo Meter', 'BR', '2019-10-23 21:09:04', '2019-10-23 21:09:04'),
(816, 15, NULL, '32.162.128.210', '37.9996408174729', NULL, 'Speedo Meter', 'US', '2019-10-23 21:09:06', '2019-10-23 21:09:06'),
(817, 15, NULL, '62.117.93.41', '51.00381184716746', NULL, 'Speedo Meter', 'RU', '2019-10-23 21:09:07', '2019-10-23 21:09:07'),
(818, 15, NULL, '26.39.24.171', '-32.94287963242872', NULL, 'Speedo Meter', 'US', '2019-10-23 21:09:09', '2019-10-23 21:09:09'),
(819, 15, NULL, '214.54.86.24', '-48.219939245783756', NULL, 'Speedo Meter', 'US', '2019-10-23 21:09:10', '2019-10-23 21:09:10'),
(820, 15, NULL, '49.65.8.150', '-66.80101003488875', NULL, 'Speedo Meter', 'CN', '2019-10-23 21:09:11', '2019-10-23 21:09:11'),
(821, 15, NULL, '75.160.50.96', '9.86062764716354', NULL, 'Speedo Meter', 'US', '2019-10-23 21:09:12', '2019-10-23 21:09:12'),
(822, 15, NULL, '217.45.9.12', '37.58995830129555', NULL, 'Speedo Meter', 'GB', '2019-10-23 21:09:13', '2019-10-23 21:09:13'),
(823, 14, NULL, '3.50.244.64', '71', NULL, 'Compass', NULL, '2019-10-23 21:09:18', '2019-10-23 21:09:18'),
(824, 12, NULL, '91.151.202.52', NULL, '23.7142', 'Speedo Meter', 'RU', '2019-10-23 21:09:27', '2019-10-23 21:09:27'),
(825, 12, NULL, '20.136.14.35', NULL, '14', 'Speedo Meter', 'US', '2019-10-23 21:19:25', '2019-10-23 21:19:25'),
(826, 2, NULL, '56.207.104.228', NULL, '12', 'Speedo Meter', 'US', '2019-10-23 21:21:23', '2019-10-23 21:21:23'),
(828, 14, NULL, '179.181.118.126', '253', NULL, 'Compass', 'BR', '2019-10-23 21:30:21', '2019-10-23 21:30:21'),
(829, 17, NULL, '155.176.129.171', '29.17060360999365', NULL, 'Speedo Meter', 'US', '2019-10-24 20:01:52', '2019-10-24 20:01:52'),
(830, 17, NULL, '190.7.83.231', '49.707111151242174', NULL, 'Speedo Meter', 'CO', '2019-10-24 20:01:56', '2019-10-24 20:01:56'),
(831, 14, NULL, '24.155.193.188', '53', NULL, 'Compass', 'US', '2019-10-24 20:03:24', '2019-10-24 20:03:24'),
(832, 14, NULL, '134.31.229.143', '115', NULL, 'Compass', 'CA', '2019-10-24 20:03:28', '2019-10-24 20:03:28'),
(833, 12, NULL, '73.75.123.21', NULL, '23.1428', 'Speedo Meter', 'US', '2019-10-24 20:04:17', '2019-10-24 20:04:17'),
(834, 12, NULL, '168.177.95.100', NULL, '32.8571', 'Speedo Meter', 'US', '2019-10-24 20:04:21', '2019-10-24 20:04:21'),
(835, 12, NULL, '112.52.176.155', NULL, '41.4285', 'Speedo Meter', 'CN', '2019-10-24 20:04:27', '2019-10-24 20:04:27'),
(836, 12, NULL, '115.136.150.130', NULL, '56.5714', 'Speedo Meter', 'KR', '2019-10-24 20:05:39', '2019-10-24 20:05:39'),
(837, 15, NULL, '153.189.212.137', '36.74232935673908', NULL, 'Speedo Meter', 'JP', '2019-10-26 21:37:47', '2019-10-26 21:37:47'),
(838, 16, NULL, '14.87.116.225', '4', NULL, 'Compass', 'KR', '2019-10-26 22:35:44', '2019-10-26 22:35:44'),
(839, 16, NULL, '97.193.78.63', '1', NULL, 'Compass', 'US', '2019-10-26 22:36:08', '2019-10-26 22:36:08'),
(842, 16, NULL, '151.45.196.196', '328', NULL, 'Compass', 'IT', '2019-10-26 22:55:45', '2019-10-26 22:55:45'),
(843, 16, NULL, '134.119.229.177', '328', NULL, 'Compass', 'DE', '2019-10-26 22:58:47', '2019-10-26 22:58:47'),
(844, 16, NULL, '19.46.1.153', '333', NULL, 'Compass', 'US', '2019-10-26 22:58:51', '2019-10-26 22:58:51'),
(845, 16, NULL, '149.28.37.154', '58', NULL, 'Compass', 'US', '2019-10-26 23:28:03', '2019-10-26 23:28:03'),
(846, 16, NULL, '80.55.157.141', '283', NULL, 'Compass', 'PL', '2019-10-26 23:29:18', '2019-10-26 23:29:18'),
(847, 16, NULL, '177.155.102.106', '303', NULL, 'Compass', 'BR', '2019-10-26 23:30:16', '2019-10-26 23:30:16'),
(848, 16, NULL, '152.164.209.68', '337', NULL, 'Compass', 'US', '2019-10-26 23:30:23', '2019-10-26 23:30:23'),
(849, 16, NULL, '166.34.76.243', '319', NULL, 'Compass', 'US', '2019-10-26 23:31:34', '2019-10-26 23:31:34'),
(850, 16, NULL, '114.130.48.142', '285', NULL, 'Compass', 'BD', '2019-10-26 23:34:04', '2019-10-26 23:34:04'),
(851, 16, NULL, '125.193.177.161', '283', NULL, 'Compass', 'JP', '2019-10-26 23:35:04', '2019-10-26 23:35:04'),
(852, 16, NULL, '122.35.106.238', '280', NULL, 'Compass', 'KR', '2019-10-26 23:39:03', '2019-10-26 23:39:03'),
(853, 16, NULL, '85.222.165.187', '59', NULL, 'Compass', 'RS', '2019-10-26 23:43:55', '2019-10-26 23:43:55'),
(854, 16, NULL, '61.135.180.244', '44', NULL, 'Compass', 'CN', '2019-10-26 23:44:58', '2019-10-26 23:44:58'),
(855, 16, NULL, '161.53.175.129', '324', NULL, 'Compass', 'HR', '2019-10-26 23:48:15', '2019-10-26 23:48:15'),
(856, 16, NULL, '115.118.65.30', '318', NULL, 'Compass', 'IN', '2019-10-26 23:49:48', '2019-10-26 23:49:48'),
(857, 16, NULL, '197.86.61.43', '212', NULL, 'Compass', 'ZA', '2019-10-26 23:49:53', '2019-10-26 23:49:53'),
(858, 16, NULL, '197.186.230.84', '203', NULL, 'Compass', 'TZ', '2019-10-26 23:49:55', '2019-10-26 23:49:55'),
(859, 16, NULL, '100.144.33.147', '147', NULL, 'Compass', 'US', '2019-10-26 23:49:57', '2019-10-26 23:49:57'),
(860, 16, NULL, '197.41.94.12', '65', NULL, 'Compass', 'EG', '2019-10-26 23:49:58', '2019-10-26 23:49:58'),
(861, 16, NULL, '9.124.19.15', '29', NULL, 'Compass', 'US', '2019-10-26 23:50:00', '2019-10-26 23:50:00'),
(862, 16, NULL, '133.56.204.67', '62', NULL, 'Compass', 'JP', '2019-10-26 23:50:01', '2019-10-26 23:50:01'),
(863, 16, NULL, '130.135.21.242', '79', NULL, 'Compass', NULL, '2019-10-26 23:50:02', '2019-10-26 23:50:02'),
(864, 16, NULL, '32.110.199.164', '139', NULL, 'Compass', 'US', '2019-10-26 23:50:04', '2019-10-26 23:50:04'),
(865, 16, NULL, '21.54.188.47', '199', NULL, 'Compass', 'US', '2019-10-26 23:50:05', '2019-10-26 23:50:05'),
(866, 16, NULL, '13.39.194.62', '261', NULL, 'Compass', 'US', '2019-10-26 23:50:07', '2019-10-26 23:50:07'),
(867, 16, NULL, '75.50.105.92', '317', NULL, 'Compass', 'US', '2019-10-26 23:50:08', '2019-10-26 23:50:08'),
(868, 16, NULL, '151.105.15.204', '33', NULL, 'Compass', 'FI', '2019-10-26 23:50:10', '2019-10-26 23:50:10'),
(869, 16, NULL, '33.135.36.78', '83', NULL, 'Compass', 'US', '2019-10-26 23:50:12', '2019-10-26 23:50:12'),
(870, 16, NULL, '95.139.136.35', '139', NULL, 'Compass', 'RU', '2019-10-26 23:50:16', '2019-10-26 23:50:16'),
(871, 18, NULL, '62.118.181.178', '312', NULL, 'Compass', 'RU', '2019-10-31 01:26:42', '2019-10-31 01:26:42'),
(872, 18, NULL, '196.68.19.40', '46', NULL, 'Compass', 'MA', '2019-10-31 01:59:38', '2019-10-31 01:59:38'),
(873, 18, NULL, '54.202.144.101', '326', NULL, 'Compass', 'US', '2019-10-31 02:15:16', '2019-10-31 02:15:16'),
(874, 18, NULL, '33.87.31.40', '26', NULL, 'Compass', 'US', '2019-10-31 02:15:29', '2019-10-31 02:15:29'),
(875, 18, NULL, '209.231.73.253', '120', NULL, 'Compass', 'US', '2019-10-31 02:15:33', '2019-10-31 02:15:33'),
(876, 18, NULL, '157.41.183.106', '231', NULL, 'Compass', 'IN', '2019-10-31 02:15:57', '2019-10-31 02:15:57'),
(877, 18, NULL, '212.24.40.0', '134', NULL, 'Compass', 'RU', '2019-10-31 02:16:02', '2019-10-31 02:16:02'),
(878, 18, NULL, '119.113.96.90', '274', NULL, 'Compass', 'CN', '2019-10-31 02:16:10', '2019-10-31 02:16:10'),
(879, 18, NULL, '210.35.38.196', '315', NULL, 'Compass', 'CN', '2019-10-31 22:48:32', '2019-10-31 22:48:32'),
(880, 18, NULL, '220.105.12.54', '324', NULL, 'Compass', 'JP', '2019-10-31 22:48:36', '2019-10-31 22:48:36'),
(881, 18, NULL, '188.181.45.30', '35', NULL, 'Compass', 'DK', '2019-10-31 22:48:39', '2019-10-31 22:48:39'),
(882, 18, NULL, '167.194.149.179', '82', NULL, 'Compass', 'US', '2019-10-31 22:48:40', '2019-10-31 22:48:40'),
(883, 18, NULL, '91.253.47.222', '23', NULL, 'Compass', 'IT', '2019-10-31 22:48:42', '2019-10-31 22:48:42'),
(884, 0, NULL, '45.152.181.102', NULL, '52.2857', 'Speedo Meter', 'FR', '2019-11-04 21:19:58', '2019-11-04 21:19:58'),
(885, 0, NULL, '82.36.140.23', NULL, '72.5714', 'Speedo Meter', 'GB', '2019-11-04 21:20:03', '2019-11-04 21:20:03'),
(886, 0, NULL, '53.141.162.159', NULL, '82.5714', 'Speedo Meter', 'DE', '2019-11-04 21:20:05', '2019-11-04 21:20:05'),
(887, 0, NULL, '7.149.57.164', NULL, '87.7142', 'Speedo Meter', 'US', '2019-11-04 21:20:08', '2019-11-04 21:20:08'),
(888, 0, NULL, '150.147.208.111', NULL, '13.7142', 'Speedo Meter', 'JP', '2019-11-04 21:20:10', '2019-11-04 21:20:10'),
(889, 0, NULL, '183.208.177.52', NULL, '5.71428', 'Speedo Meter', 'CN', '2019-11-04 21:20:12', '2019-11-04 21:20:12'),
(890, 0, NULL, '220.221.76.95', NULL, '76', 'Speedo Meter', 'JP', '2019-11-04 21:20:14', '2019-11-04 21:20:14'),
(891, 0, NULL, '28.200.19.10', NULL, '93.1428', 'Speedo Meter', 'US', '2019-11-04 21:20:15', '2019-11-04 21:20:15'),
(892, 0, NULL, '59.159.245.121', NULL, '62.8571', 'Speedo Meter', 'JP', '2019-11-04 21:20:17', '2019-11-04 21:20:17'),
(893, 0, NULL, '50.107.231.126', NULL, '39.4285', 'Speedo Meter', 'US', '2019-11-04 21:20:18', '2019-11-04 21:20:18'),
(894, 0, NULL, '87.217.21.86', NULL, '23.7142', 'Speedo Meter', 'ES', '2019-11-04 21:20:19', '2019-11-04 21:20:19'),
(895, 0, NULL, '67.134.4.142', NULL, '14.5714', 'Speedo Meter', 'US', '2019-11-04 21:20:20', '2019-11-04 21:20:20'),
(896, 0, NULL, '99.92.205.158', NULL, '7.14285', 'Speedo Meter', 'US', '2019-11-04 21:20:21', '2019-11-04 21:20:21'),
(897, 0, NULL, '120.31.10.95', NULL, '19.7142', 'Speedo Meter', 'CN', '2019-11-04 21:25:37', '2019-11-04 21:25:37'),
(898, 0, NULL, '11.76.39.146', NULL, '28', 'Speedo Meter', 'US', '2019-11-04 21:25:41', '2019-11-04 21:25:41'),
(899, 0, NULL, '109.20.208.30', '151', NULL, 'Compass', 'FR', '2019-11-06 19:00:46', '2019-11-06 19:00:46'),
(900, 0, NULL, '86.135.164.59', '216', NULL, 'Compass', 'GB', '2019-11-06 19:00:49', '2019-11-06 19:00:49'),
(901, 0, NULL, '72.166.65.36', '277', NULL, 'Compass', 'US', '2019-11-06 19:00:54', '2019-11-06 19:00:54'),
(902, 0, NULL, '212.108.82.35', '330', NULL, 'Compass', 'GB', '2019-11-06 19:00:58', '2019-11-06 19:00:58'),
(903, 0, NULL, '223.112.160.224', '27', NULL, 'Compass', 'CN', '2019-11-06 19:01:01', '2019-11-06 19:01:01'),
(904, 0, NULL, '148.215.74.57', '326', NULL, 'Compass', 'MX', '2019-11-06 19:01:03', '2019-11-06 19:01:03'),
(905, 0, NULL, '95.190.95.79', '26', NULL, 'Compass', 'RU', '2019-11-06 19:01:06', '2019-11-06 19:01:06'),
(906, 0, NULL, '93.141.72.51', '81', NULL, 'Compass', 'HR', '2019-11-06 19:01:08', '2019-11-06 19:01:08'),
(907, 0, NULL, '90.97.219.7', '128', NULL, 'Compass', 'FR', '2019-11-06 19:01:10', '2019-11-06 19:01:10'),
(908, 0, NULL, '14.75.198.104', '118', NULL, 'Compass', 'KR', '2019-11-06 19:01:14', '2019-11-06 19:01:14'),
(909, 0, NULL, '158.141.214.49', '129', NULL, 'Compass', 'CA', '2019-11-06 19:01:15', '2019-11-06 19:01:15'),
(910, 0, NULL, '11.210.117.226', '116', NULL, 'Compass', 'US', '2019-11-06 19:01:16', '2019-11-06 19:01:16'),
(911, 0, NULL, '131.6.16.155', '130', NULL, 'Compass', 'US', '2019-11-06 19:01:17', '2019-11-06 19:01:17'),
(912, 0, NULL, '179.178.193.247', '123', NULL, 'Compass', 'BR', '2019-11-06 19:01:21', '2019-11-06 19:01:21'),
(913, 0, NULL, '164.76.106.1', '119', NULL, 'Compass', 'US', '2019-11-06 19:01:24', '2019-11-06 19:01:24'),
(914, 0, NULL, '44.162.40.140', '114', NULL, 'Compass', 'US', '2019-11-06 19:01:25', '2019-11-06 19:01:25'),
(915, 0, NULL, '222.147.195.28', '110', NULL, 'Compass', 'JP', '2019-11-06 19:01:27', '2019-11-06 19:01:27'),
(916, 0, NULL, '139.24.58.21', '80', NULL, 'Compass', 'DE', '2019-11-06 19:01:37', '2019-11-06 19:01:37'),
(917, 0, NULL, '69.222.123.207', '84', NULL, 'Compass', 'US', '2019-11-06 19:05:31', '2019-11-06 19:05:31'),
(918, 0, NULL, '119.147.77.154', '131', NULL, 'Compass', 'CN', '2019-11-06 19:05:51', '2019-11-06 19:05:51'),
(919, 0, NULL, '168.134.82.97', '46', NULL, 'Compass', 'AU', '2019-11-06 19:07:11', '2019-11-06 19:07:11'),
(920, 0, NULL, '126.54.177.40', '60', NULL, 'Compass', 'JP', '2019-11-06 19:08:54', '2019-11-06 19:08:54'),
(921, 0, NULL, '167.233.160.200', '26', NULL, 'Compass', 'DE', '2019-11-06 19:09:19', '2019-11-06 19:09:19'),
(922, 0, NULL, '85.77.38.36', '324', NULL, 'Compass', 'FI', '2019-11-06 19:10:34', '2019-11-06 19:10:34'),
(923, 18, NULL, '98.120.113.27', '30', NULL, 'Compass', 'US', '2019-11-06 19:13:52', '2019-11-06 19:13:52'),
(924, 18, NULL, '34.221.35.155', '44', NULL, 'Compass', 'US', '2019-11-06 19:14:15', '2019-11-06 19:14:15'),
(925, 18, NULL, '186.130.193.32', '64', NULL, 'Compass', 'AR', '2019-11-06 19:14:19', '2019-11-06 19:14:19'),
(926, 18, NULL, '57.13.178.110', '84', NULL, 'Compass', 'BE', '2019-11-06 19:26:59', '2019-11-06 19:26:59'),
(927, 12, NULL, '131.202.194.221', NULL, '26.5714', 'Speedo Meter', 'CA', '2019-11-06 19:28:39', '2019-11-06 19:28:39'),
(928, 12, NULL, '128.210.154.131', NULL, '18.8571', 'Speedo Meter', 'US', '2019-11-06 19:30:27', '2019-11-06 19:30:27'),
(929, 13, NULL, '143.207.224.81', '38', NULL, 'Compass', 'US', '2019-11-06 19:30:56', '2019-11-06 19:30:56'),
(930, 17, NULL, '21.207.60.43', '-31.329372280032146', NULL, 'Speedo Meter', 'US', '2019-11-06 20:53:43', '2019-11-06 20:53:43'),
(931, 17, NULL, '79.85.69.132', '-50.09372677028044', NULL, 'Speedo Meter', 'FR', '2019-11-06 20:53:45', '2019-11-06 20:53:45'),
(932, 17, NULL, '69.196.186.77', '-60.126062120616936', NULL, 'Speedo Meter', 'CA', '2019-11-06 20:53:47', '2019-11-06 20:53:47'),
(933, 17, NULL, '6.66.221.51', '-14.596858619454594', NULL, 'Speedo Meter', 'US', '2019-11-06 20:53:48', '2019-11-06 20:53:48'),
(934, 17, NULL, '174.21.206.46', '16.167376915025258', NULL, 'Speedo Meter', 'US', '2019-11-06 20:53:50', '2019-11-06 20:53:50'),
(935, 17, NULL, '197.164.83.58', '30.591760003991062', NULL, 'Speedo Meter', NULL, '2019-11-06 20:53:51', '2019-11-06 20:53:51'),
(936, 17, NULL, '214.242.111.107', '44.269752801596965', NULL, 'Speedo Meter', 'US', '2019-11-06 20:53:52', '2019-11-06 20:53:52'),
(937, 17, NULL, '6.105.227.36', '56.17793597986635', NULL, 'Speedo Meter', 'US', '2019-11-06 20:53:54', '2019-11-06 20:53:54'),
(938, 17, NULL, '107.164.167.224', '64.96270301704809', NULL, 'Speedo Meter', 'US', '2019-11-06 20:53:55', '2019-11-06 20:53:55'),
(939, 17, NULL, '16.59.167.110', '-65.41239540178213', NULL, 'Speedo Meter', 'US', '2019-11-06 20:53:57', '2019-11-06 20:53:57'),
(940, 8, NULL, '220.20.144.218', '12.608364797688196', NULL, 'Speedo Meter', 'JP', '2019-11-06 20:56:49', '2019-11-06 20:56:49'),
(941, 8, NULL, '78.222.94.142', '24.96600484031393', NULL, 'Speedo Meter', 'FR', '2019-11-06 20:57:08', '2019-11-06 20:57:08');
INSERT INTO `tbl_votes` (`id`, `poll_id`, `mac_info`, `ip_info`, `rotation`, `percentage`, `poll_type`, `voted_from`, `created_at`, `updated_at`) VALUES
(942, 8, NULL, '193.240.30.254', '-25.40254955531985', NULL, 'Speedo Meter', 'GB', '2019-11-06 20:58:10', '2019-11-06 20:58:10'),
(943, 3, NULL, '175.146.52.239', '20.57917891539482', NULL, 'Speedo Meter', 'CN', '2019-11-08 15:19:20', '2019-11-08 15:19:20'),
(944, 3, NULL, '170.131.92.28', '49.7709545248242', NULL, 'Speedo Meter', 'US', '2019-11-08 15:19:22', '2019-11-08 15:19:22'),
(945, 12, NULL, '18.210.170.173', NULL, '0', 'Speedo Meter', 'US', '2019-11-10 00:07:52', '2019-11-10 00:07:52'),
(946, 12, NULL, '175.76.2.120', NULL, '98.5714', 'Speedo Meter', 'CN', '2019-11-10 00:09:24', '2019-11-10 00:09:24'),
(947, 12, NULL, '45.211.218.28', NULL, '0', 'Speedo Meter', 'GH', '2019-11-10 00:10:32', '2019-11-10 00:10:32'),
(948, 12, NULL, '25.76.102.179', NULL, '0', 'Speedo Meter', 'GB', '2019-11-10 00:12:01', '2019-11-10 00:12:01'),
(949, 12, NULL, '12.15.213.69', NULL, '0', 'Speedo Meter', 'US', '2019-11-10 00:12:09', '2019-11-10 00:12:09'),
(950, 12, NULL, '108.84.26.98', NULL, '0', 'Speedo Meter', 'US', '2019-11-10 00:13:18', '2019-11-10 00:13:18'),
(951, 12, NULL, '164.18.240.190', NULL, '52.5714', 'Speedo Meter', 'DE', '2019-11-10 00:17:14', '2019-11-10 00:17:14'),
(952, 21, NULL, '133.134.53.126', NULL, '17.7142', 'Speedo Meter', 'JP', '2019-11-13 06:56:37', '2019-11-13 06:56:37'),
(953, 21, NULL, '154.75.74.248', NULL, '42.5714', 'Speedo Meter', 'TZ', '2019-11-13 06:56:40', '2019-11-13 06:56:40'),
(954, 21, NULL, '29.76.131.1', NULL, '65.7142', 'Speedo Meter', 'US', '2019-11-13 06:56:42', '2019-11-13 06:56:42'),
(955, 21, NULL, '79.183.235.218', NULL, '80.2857', 'Speedo Meter', 'IL', '2019-11-13 06:56:43', '2019-11-13 06:56:43'),
(956, 21, NULL, '183.110.108.219', NULL, '88.5714', 'Speedo Meter', 'KR', '2019-11-13 06:56:44', '2019-11-13 06:56:44'),
(957, 21, NULL, '167.226.179.153', NULL, '93.7142', 'Speedo Meter', 'US', '2019-11-13 06:56:46', '2019-11-13 06:56:46'),
(958, 21, NULL, '199.237.110.36', NULL, '38', 'Speedo Meter', 'US', '2019-11-13 06:56:47', '2019-11-13 06:56:47'),
(959, 21, NULL, '171.18.205.73', NULL, '17.1428', 'Speedo Meter', 'FR', '2019-11-13 06:56:48', '2019-11-13 06:56:48'),
(960, 21, NULL, '58.147.11.8', NULL, '5.14285', 'Speedo Meter', 'TH', '2019-11-13 06:56:48', '2019-11-13 06:56:48'),
(961, 21, NULL, '11.9.76.0', NULL, '26.8571', 'Speedo Meter', 'US', '2019-11-13 06:56:50', '2019-11-13 06:56:50'),
(962, 21, NULL, '135.235.251.124', NULL, '45.1428', 'Speedo Meter', 'US', '2019-11-13 06:56:50', '2019-11-13 06:56:50'),
(963, 21, NULL, '148.132.111.103', NULL, '70', 'Speedo Meter', 'US', '2019-11-13 06:56:51', '2019-11-13 06:56:51'),
(964, 21, NULL, '167.132.170.3', NULL, '93.1428', 'Speedo Meter', 'US', '2019-11-13 06:56:52', '2019-11-13 06:56:52'),
(965, 21, NULL, '158.170.208.29', NULL, '78.8571', 'Speedo Meter', 'CL', '2019-11-13 06:56:53', '2019-11-13 06:56:53'),
(966, 21, NULL, '71.228.75.43', NULL, '34', 'Speedo Meter', 'US', '2019-11-13 06:58:21', '2019-11-13 06:58:21'),
(967, 21, NULL, '56.151.75.74', NULL, '52.2857', 'Speedo Meter', 'US', '2019-11-13 06:58:27', '2019-11-13 06:58:27'),
(968, 21, NULL, '216.28.229.84', NULL, '48', 'Speedo Meter', 'US', '2019-11-13 06:59:17', '2019-11-13 06:59:17'),
(969, 21, NULL, '164.254.179.171', NULL, '92.8571', 'Speedo Meter', 'US', '2019-11-13 07:32:02', '2019-11-13 07:32:02'),
(970, 21, NULL, '72.159.167.83', NULL, '79.1428', 'Speedo Meter', 'US', '2019-11-13 07:32:14', '2019-11-13 07:32:14'),
(971, 20, NULL, '111.84.110.223', '141', NULL, 'Compass', 'TH', '2019-11-13 07:32:33', '2019-11-13 07:32:33'),
(972, 20, NULL, '86.87.50.5', '325', NULL, 'Compass', 'NL', '2019-11-13 07:32:38', '2019-11-13 07:32:38'),
(973, 20, NULL, '99.244.75.212', '273', NULL, 'Compass', 'CA', '2019-11-13 07:32:45', '2019-11-13 07:32:45'),
(974, 20, NULL, '103.26.2.70', '223', NULL, 'Compass', 'CN', '2019-11-13 07:32:48', '2019-11-13 07:32:48'),
(975, 20, NULL, '210.68.85.98', '280', NULL, 'Compass', 'TW', '2019-11-13 07:32:49', '2019-11-13 07:32:49'),
(976, 20, NULL, '219.4.142.223', '330', NULL, 'Compass', 'JP', '2019-11-13 07:32:51', '2019-11-13 07:32:51'),
(977, 20, NULL, '122.24.169.162', '33', NULL, 'Compass', 'JP', '2019-11-13 07:32:52', '2019-11-13 07:32:52'),
(978, 20, NULL, '151.89.104.107', '90', NULL, 'Compass', 'IT', '2019-11-13 07:32:56', '2019-11-13 07:32:56'),
(979, 19, NULL, '153.119.19.97', '-46.692829231868046', NULL, 'Speedo Meter', 'CN', '2019-11-13 07:33:12', '2019-11-13 07:33:12'),
(980, 19, NULL, '114.103.130.212', '-9.232190645236784', NULL, 'Speedo Meter', 'CN', '2019-11-13 07:33:16', '2019-11-13 07:33:16'),
(981, 19, NULL, '77.137.2.237', '48.895649775244344', NULL, 'Speedo Meter', 'IL', '2019-11-13 07:33:18', '2019-11-13 07:33:18'),
(982, 19, NULL, '61.100.92.91', '4.949643817713209', NULL, 'Speedo Meter', 'KR', '2019-11-13 07:33:19', '2019-11-13 07:33:19'),
(983, 19, NULL, '76.130.1.212', '-47.80001406460295', NULL, 'Speedo Meter', 'US', '2019-11-13 07:33:21', '2019-11-13 07:33:21'),
(984, 19, NULL, '73.75.123.1', '40.843485575484365', NULL, 'Speedo Meter', 'US', '2019-11-13 07:33:23', '2019-11-13 07:33:23'),
(985, 19, NULL, '120.41.153.19', '-11.220977717850907', NULL, 'Speedo Meter', 'CN', '2019-11-13 07:33:24', '2019-11-13 07:33:24'),
(986, 19, NULL, '210.145.88.174', '-58.93316656521042', NULL, 'Speedo Meter', 'JP', '2019-11-13 07:33:25', '2019-11-13 07:33:25'),
(987, 19, NULL, '210.185.60.210', '-46.02981051695314', NULL, 'Speedo Meter', 'NZ', '2019-11-13 07:33:26', '2019-11-13 07:33:26'),
(988, 19, NULL, '123.129.251.91', '-41.65724991038483', NULL, 'Speedo Meter', 'CN', '2019-11-13 07:33:27', '2019-11-13 07:33:27'),
(989, 19, NULL, '153.201.99.121', '-36.75800059030413', NULL, 'Speedo Meter', 'JP', '2019-11-13 07:33:28', '2019-11-13 07:33:28'),
(990, 19, NULL, '133.85.250.227', '-11.445613341795273', NULL, 'Speedo Meter', 'JP', '2019-11-13 07:33:29', '2019-11-13 07:33:29'),
(991, 19, NULL, '82.28.101.228', '5.132097059456719', NULL, 'Speedo Meter', 'GB', '2019-11-13 07:33:30', '2019-11-13 07:33:30'),
(992, 19, NULL, '122.84.146.121', '17.773261529611453', NULL, 'Speedo Meter', 'CN', '2019-11-13 07:33:31', '2019-11-13 07:33:31'),
(993, 19, NULL, '82.104.99.225', '75.52722638359455', NULL, 'Speedo Meter', 'IT', '2019-11-13 07:33:33', '2019-11-13 07:33:33'),
(994, 22, NULL, '::1', '38.42049089281935', NULL, 'Speedo Meter', NULL, '2019-12-10 06:41:06', '2019-12-10 06:41:06'),
(995, 21, NULL, '::1', NULL, '39.7142', 'Speedo Meter', NULL, '2019-12-11 05:40:21', '2019-12-11 05:40:21'),
(996, 22, NULL, '::1', '19.762592398884294', NULL, 'Speedo Meter', NULL, '2019-12-12 19:26:09', '2019-12-12 19:26:09'),
(997, 22, NULL, '::1', '45.85553473267217', NULL, 'Speedo Meter', NULL, '2019-12-18 04:39:32', '2019-12-18 04:39:32'),
(998, 19, NULL, '::1', '34.75126395963064', NULL, 'Speedo Meter', NULL, '2019-12-18 04:46:57', '2019-12-18 04:46:57'),
(999, 19, NULL, '::1', '61.13994346134375', NULL, 'Speedo Meter', NULL, '2019-12-18 04:47:00', '2019-12-18 04:47:00'),
(1000, 19, NULL, '::1', '-33.73196670672037', NULL, 'Speedo Meter', NULL, '2019-12-18 04:47:01', '2019-12-18 04:47:01'),
(1001, 19, NULL, '::1', '11.077365845647407', NULL, 'Speedo Meter', NULL, '2019-12-18 04:47:03', '2019-12-18 04:47:03'),
(1002, 19, NULL, '::1', '31.219028632334627', NULL, 'Speedo Meter', NULL, '2019-12-18 04:47:12', '2019-12-18 04:47:12'),
(1003, 19, NULL, '::1', '51.56356258027527', NULL, 'Speedo Meter', NULL, '2019-12-18 04:47:18', '2019-12-18 04:47:18'),
(1004, 19, NULL, '::1', '3.0247729808804706', NULL, 'Speedo Meter', NULL, '2019-12-18 04:47:24', '2019-12-18 04:47:24'),
(1005, 18, NULL, '::1', '89', NULL, 'Compass', NULL, '2019-12-18 04:47:35', '2019-12-18 04:47:35'),
(1006, 22, NULL, '::1', '56.28686101887577', NULL, 'Speedo Meter', NULL, '2019-12-18 07:09:11', '2019-12-18 07:09:11'),
(1007, 22, NULL, '::1', '-58.07421859560117', NULL, 'Speedo Meter', NULL, '2019-12-18 07:09:18', '2019-12-18 07:09:18'),
(1008, 8, NULL, '::1', '36.74916155489541', NULL, 'Speedo Meter', NULL, '2019-12-18 07:16:25', '2019-12-18 07:16:25'),
(1009, 8, NULL, '::1', '51.540757268696126', NULL, 'Speedo Meter', NULL, '2019-12-18 07:39:28', '2019-12-18 07:39:28'),
(1010, 10, NULL, '::1', '108', NULL, 'Compass', NULL, '2019-12-18 07:41:00', '2019-12-18 07:41:00'),
(1011, 22, NULL, '::1', '-9.895943454122133', NULL, 'Speedo Meter', NULL, '2019-12-18 08:15:18', '2019-12-18 08:15:18'),
(1012, 22, NULL, '::1', '317.5549197593571', NULL, 'Speedo Meter', NULL, '2019-12-18 08:16:47', '2019-12-18 08:16:47'),
(1013, 22, NULL, '::1', '-40.30168913543588', NULL, 'Speedo Meter', NULL, '2019-12-18 08:16:50', '2019-12-18 08:16:50'),
(1014, 22, NULL, '::1', '-46.168271304965515', NULL, 'Speedo Meter', NULL, '2019-12-18 08:16:53', '2019-12-18 08:16:53'),
(1015, 22, NULL, '::1', '-49.733374680733476', NULL, 'Speedo Meter', NULL, '2019-12-18 08:16:54', '2019-12-18 08:16:54'),
(1016, 22, NULL, '::1', '-52.791419983608876', NULL, 'Speedo Meter', NULL, '2019-12-18 08:16:56', '2019-12-18 08:16:56'),
(1017, 22, NULL, '::1', '-56.88752980900941', NULL, 'Speedo Meter', NULL, '2019-12-18 08:16:57', '2019-12-18 08:16:57'),
(1018, 22, NULL, '::1', '-59.8534463672801', NULL, 'Speedo Meter', NULL, '2019-12-18 08:16:59', '2019-12-18 08:16:59'),
(1019, 22, NULL, '::1', '-63.08588495682005', NULL, 'Speedo Meter', NULL, '2019-12-18 08:17:04', '2019-12-18 08:17:04'),
(1020, 23, NULL, '::1', '73', NULL, 'Compass', NULL, '2019-12-18 09:02:29', '2019-12-18 09:02:29'),
(1021, 23, NULL, '::1', '100', NULL, 'Compass', NULL, '2019-12-18 09:05:18', '2019-12-18 09:05:18'),
(1022, 23, NULL, '::1', '178', NULL, 'Compass', NULL, '2019-12-18 09:05:57', '2019-12-18 09:05:57'),
(1023, 14, NULL, '::1', '66', NULL, 'Compass', NULL, '2019-12-18 19:09:37', '2019-12-18 19:09:37'),
(1024, 14, NULL, '::1', '147', NULL, 'Compass', NULL, '2019-12-18 19:09:40', '2019-12-18 19:09:40'),
(1025, 14, NULL, '::1', '207', NULL, 'Compass', NULL, '2019-12-18 19:09:42', '2019-12-18 19:09:42'),
(1026, 14, NULL, '::1', '276', NULL, 'Compass', NULL, '2019-12-18 19:09:46', '2019-12-18 19:09:46'),
(1027, 14, NULL, '::1', '329', NULL, 'Compass', NULL, '2019-12-18 19:09:49', '2019-12-18 19:09:49'),
(1028, 15, NULL, '::1', '22.69516259790508', NULL, 'Speedo Meter', NULL, '2019-12-19 06:07:39', '2019-12-19 06:07:39'),
(1029, 14, NULL, '::1', '91', NULL, 'Compass', NULL, '2019-12-19 06:08:21', '2019-12-19 06:08:21'),
(1030, 24, NULL, '::1', '77', NULL, 'Compass', NULL, '2019-12-19 06:15:03', '2019-12-19 06:15:03'),
(1031, 24, NULL, '::1', '313', NULL, 'Compass', NULL, '2019-12-19 06:15:49', '2019-12-19 06:15:49'),
(1032, 24, NULL, '::1', '286', NULL, 'Compass', NULL, '2019-12-19 07:04:03', '2019-12-19 07:04:03'),
(1033, 16, NULL, '::1', '1', NULL, 'Compass', NULL, '2019-12-19 07:05:14', '2019-12-19 07:05:14'),
(1034, 15, NULL, '::1', '18.804418097606288', NULL, 'Speedo Meter', NULL, '2019-12-19 07:05:34', '2019-12-19 07:05:34'),
(1035, 14, NULL, '::1', '312', NULL, 'Compass', NULL, '2019-12-19 07:05:55', '2019-12-19 07:05:55'),
(1036, 14, NULL, '::1', '265', NULL, 'Compass', NULL, '2019-12-19 07:06:30', '2019-12-19 07:06:30'),
(1037, 25, NULL, '::1', NULL, '22.5714', 'Speedo Meter', NULL, '2019-12-19 07:09:39', '2019-12-19 07:09:39'),
(1038, 25, NULL, '::1', NULL, '29.4285', 'Speedo Meter', NULL, '2019-12-19 07:10:00', '2019-12-19 07:10:00'),
(1039, 25, NULL, '::1', NULL, '18.5714', 'Speedo Meter', NULL, '2019-12-19 07:11:37', '2019-12-19 07:11:37'),
(1040, 24, NULL, '::1', '45', NULL, 'Compass', NULL, '2019-12-19 07:12:03', '2019-12-19 07:12:03'),
(1041, 22, NULL, '::1', '34.358508645569124', NULL, 'Speedo Meter', NULL, '2019-12-19 07:53:42', '2019-12-19 07:53:42'),
(1042, 22, NULL, '::1', '-34.95395052801767', NULL, 'Speedo Meter', NULL, '2019-12-19 07:54:19', '2019-12-19 07:54:19'),
(1043, 22, NULL, '::1', '-22.3134652822541', NULL, 'Speedo Meter', NULL, '2019-12-19 07:56:58', '2019-12-19 07:56:58'),
(1044, 22, NULL, '::1', '-37.573657040989545', NULL, 'Speedo Meter', NULL, '2019-12-19 07:58:13', '2019-12-19 07:58:13'),
(1045, 22, NULL, '::1', '-38.33003067024005', NULL, 'Speedo Meter', NULL, '2019-12-19 08:01:42', '2019-12-19 08:01:42'),
(1046, 22, NULL, '::1', '-33.52235913829378', NULL, 'Speedo Meter', NULL, '2019-12-19 08:13:56', '2019-12-19 08:13:56'),
(1047, 22, NULL, '::1', '43.733565438527336', NULL, 'Speedo Meter', NULL, '2019-12-19 08:16:38', '2019-12-19 08:16:38'),
(1048, 19, NULL, '::1', '-17.8623110731984', NULL, 'Speedo Meter', NULL, '2019-12-19 08:19:16', '2019-12-19 08:19:16'),
(1049, 11, NULL, '::1', '-18.771336973990614', NULL, 'Speedo Meter', NULL, '2019-12-19 08:20:30', '2019-12-19 08:20:30'),
(1050, 8, NULL, '::1', '17.843519177765486', NULL, 'Speedo Meter', NULL, '2019-12-19 08:20:39', '2019-12-19 08:20:39'),
(1051, 8, NULL, '::1', '29.055260214838455', NULL, 'Speedo Meter', NULL, '2019-12-19 08:20:43', '2019-12-19 08:20:43'),
(1052, 3, NULL, '::1', '-13.205894761996653', NULL, 'Speedo Meter', NULL, '2019-12-19 08:20:49', '2019-12-19 08:20:49'),
(1053, 11, NULL, '::1', '33.19987098276779', NULL, 'Speedo Meter', NULL, '2019-12-19 08:28:38', '2019-12-19 08:28:38'),
(1054, 3, NULL, '::1', '-19.96518683401341', NULL, 'Speedo Meter', NULL, '2019-12-19 08:31:04', '2019-12-19 08:31:04'),
(1055, 3, NULL, '::1', '23.119169844390342', NULL, 'Speedo Meter', NULL, '2019-12-19 09:13:54', '2019-12-19 09:13:54'),
(1056, 1, NULL, '::1', '-27.42244834081248', NULL, 'Speedo Meter', NULL, '2019-12-19 09:15:19', '2019-12-19 09:15:19'),
(1057, 3, NULL, '::1', '51.26248511491153', NULL, 'Speedo Meter', NULL, '2019-12-19 09:15:43', '2019-12-19 09:15:43'),
(1058, 3, NULL, '::1', '42.02242944532303', NULL, 'Speedo Meter', NULL, '2019-12-19 09:16:00', '2019-12-19 09:16:00'),
(1059, 3, NULL, '::1', '-0.01855433209527746', NULL, 'Speedo Meter', NULL, '2019-12-19 09:29:40', '2019-12-19 09:29:40'),
(1060, 3, NULL, '::1', '43.10604071643365', NULL, 'Speedo Meter', NULL, '2019-12-19 09:29:41', '2019-12-19 09:29:41'),
(1061, 3, NULL, '::1', '-27.823583058639187', NULL, 'Speedo Meter', NULL, '2019-12-19 09:32:42', '2019-12-19 09:32:42'),
(1062, 3, NULL, '::1', '25.726035206472062', NULL, 'Speedo Meter', NULL, '2019-12-19 09:38:32', '2019-12-19 09:38:32'),
(1063, 3, NULL, '::1', '-32.5107728706308', NULL, 'Speedo Meter', NULL, '2019-12-19 09:40:38', '2019-12-19 09:40:38'),
(1064, 3, NULL, '::1', '31.33689618218468', NULL, 'Speedo Meter', NULL, '2019-12-19 09:43:22', '2019-12-19 09:43:22'),
(1065, 3, NULL, '::1', '52.911505152926956', NULL, 'Speedo Meter', NULL, '2019-12-19 09:43:32', '2019-12-19 09:43:32'),
(1066, 3, NULL, '::1', '24.077651903044796', NULL, 'Speedo Meter', NULL, '2019-12-19 09:43:44', '2019-12-19 09:43:44'),
(1067, 3, NULL, '::1', '6.476307864052416', NULL, 'Speedo Meter', NULL, '2019-12-19 09:44:44', '2019-12-19 09:44:44'),
(1068, 3, NULL, '::1', '43.54269176956658', NULL, 'Speedo Meter', NULL, '2019-12-19 09:46:01', '2019-12-19 09:46:01'),
(1069, 3, NULL, '::1', '57.94864217796899', NULL, 'Speedo Meter', NULL, '2019-12-19 09:46:10', '2019-12-19 09:46:10'),
(1070, 3, NULL, '::1', '40.204894482798004', NULL, 'Speedo Meter', NULL, '2019-12-19 09:46:17', '2019-12-19 09:46:17'),
(1071, 3, NULL, '::1', '-45.26550217520909', NULL, 'Speedo Meter', NULL, '2019-12-19 09:48:44', '2019-12-19 09:48:44'),
(1072, 11, NULL, '::1', '-24.381786548200395', NULL, 'Speedo Meter', NULL, '2019-12-19 09:49:24', '2019-12-19 09:49:24'),
(1073, 11, NULL, '::1', '8.055649683929147', NULL, 'Speedo Meter', NULL, '2019-12-19 09:49:45', '2019-12-19 09:49:45'),
(1074, 11, NULL, '::1', '24.00802630777134', NULL, 'Speedo Meter', NULL, '2019-12-19 09:50:00', '2019-12-19 09:50:00'),
(1075, 11, NULL, '::1', '36.51861102777557', NULL, 'Speedo Meter', NULL, '2019-12-19 09:50:20', '2019-12-19 09:50:20'),
(1076, 11, NULL, '::1', '-22.729616271093903', NULL, 'Speedo Meter', NULL, '2019-12-19 09:50:32', '2019-12-19 09:50:32'),
(1077, 11, NULL, '::1', '-36.110343045150614', NULL, 'Speedo Meter', NULL, '2019-12-19 09:50:51', '2019-12-19 09:50:51'),
(1078, 11, NULL, '::1', '-51.327421799267626', NULL, 'Speedo Meter', NULL, '2019-12-19 09:51:05', '2019-12-19 09:51:05'),
(1079, 3, NULL, '::1', '7.278665711315398', NULL, 'Speedo Meter', NULL, '2019-12-19 09:51:22', '2019-12-19 09:51:22'),
(1080, 3, NULL, '::1', '-14.215990469826686', NULL, 'Speedo Meter', NULL, '2019-12-19 09:52:40', '2019-12-19 09:52:40'),
(1081, 3, NULL, '::1', '-52.77885993476919', NULL, 'Speedo Meter', NULL, '2019-12-19 10:00:41', '2019-12-19 10:00:41'),
(1082, 22, NULL, '::1', '20.245387956093197', NULL, 'Speedo Meter', NULL, '2019-12-19 10:03:12', '2019-12-19 10:03:12'),
(1083, 21, NULL, '::1', NULL, '28.5714', 'Speedo Meter', NULL, '2019-12-19 10:03:34', '2019-12-19 10:03:34'),
(1084, 20, NULL, '::1', '47', NULL, 'Compass', NULL, '2019-12-19 10:05:06', '2019-12-19 10:05:06'),
(1085, 23, NULL, '::1', '41', NULL, 'Compass', NULL, '2019-12-19 10:05:59', '2019-12-19 10:05:59'),
(1086, 16, NULL, '::1', '307', NULL, 'Compass', NULL, '2019-12-19 10:07:07', '2019-12-19 10:07:07'),
(1087, 16, NULL, '::1', '68', NULL, 'Compass', NULL, '2019-12-19 10:07:21', '2019-12-19 10:07:21'),
(1088, 15, NULL, '::1', '19.275721159390457', NULL, 'Speedo Meter', NULL, '2019-12-19 10:07:32', '2019-12-19 10:07:32'),
(1089, 14, NULL, '::1', '20', NULL, 'Compass', NULL, '2019-12-19 10:07:49', '2019-12-19 10:07:49'),
(1090, 23, NULL, '::1', '318', NULL, 'Compass', NULL, '2019-12-19 10:09:20', '2019-12-19 10:09:20'),
(1091, 23, NULL, '::1', '315', NULL, 'Compass', NULL, '2019-12-19 10:10:15', '2019-12-19 10:10:15'),
(1092, 22, NULL, '::1', '13.217722323268632', NULL, 'Speedo Meter', NULL, '2019-12-19 10:10:27', '2019-12-19 10:10:27'),
(1093, 21, NULL, '::1', NULL, '23.4285', 'Speedo Meter', NULL, '2019-12-19 10:10:47', '2019-12-19 10:10:47'),
(1094, 23, NULL, '::1', '229', NULL, 'Compass', NULL, '2019-12-19 10:12:19', '2019-12-19 10:12:19'),
(1095, 23, NULL, '::1', '296', NULL, 'Compass', NULL, '2019-12-19 10:12:34', '2019-12-19 10:12:34'),
(1096, 23, NULL, '::1', '28', NULL, 'Compass', NULL, '2019-12-19 10:12:45', '2019-12-19 10:12:45'),
(1097, 22, NULL, '::1', '30.440190453496143', NULL, 'Speedo Meter', NULL, '2019-12-19 10:13:00', '2019-12-19 10:13:00'),
(1098, 21, NULL, '::1', NULL, '7.14285', 'Speedo Meter', NULL, '2019-12-19 10:13:19', '2019-12-19 10:13:19'),
(1099, 20, NULL, '::1', '53', NULL, 'Compass', NULL, '2019-12-19 10:18:24', '2019-12-19 10:18:24'),
(1100, 3, NULL, '::1', '20.13962718671833', NULL, 'Speedo Meter', NULL, '2019-12-19 10:19:11', '2019-12-19 10:19:11'),
(1101, 2, NULL, '::1', NULL, '12.8571', 'Speedo Meter', NULL, '2019-12-19 10:19:32', '2019-12-19 10:19:32'),
(1102, 8, NULL, '::1', '-38.09598960899091', NULL, 'Speedo Meter', NULL, '2019-12-19 10:19:46', '2019-12-19 10:19:46'),
(1103, 14, NULL, '::1', '334', NULL, 'Compass', NULL, '2019-12-19 10:20:58', '2019-12-19 10:20:58'),
(1104, 13, NULL, '::1', '27', NULL, 'Compass', NULL, '2019-12-19 10:21:23', '2019-12-19 10:21:23'),
(1105, 12, NULL, '::1', NULL, '16.8571', 'Speedo Meter', NULL, '2019-12-19 10:21:35', '2019-12-19 10:21:35'),
(1106, 11, NULL, '::1', '8.681016836206311', NULL, 'Speedo Meter', NULL, '2019-12-19 10:21:55', '2019-12-19 10:21:55'),
(1107, 25, NULL, '::1', NULL, '15.7142', 'Speedo Meter', NULL, '2019-12-19 10:28:08', '2019-12-19 10:28:08'),
(1108, 25, NULL, '::1', NULL, '34.8571', 'Speedo Meter', NULL, '2019-12-19 10:28:25', '2019-12-19 10:28:25'),
(1109, 25, NULL, '::1', NULL, '59.1428', 'Speedo Meter', NULL, '2019-12-19 10:28:35', '2019-12-19 10:28:35'),
(1110, 25, NULL, '::1', NULL, '74.5714', 'Speedo Meter', NULL, '2019-12-19 10:28:45', '2019-12-19 10:28:45'),
(1111, 25, NULL, '::1', NULL, '85.1428', 'Speedo Meter', NULL, '2019-12-19 10:28:56', '2019-12-19 10:28:56'),
(1112, 25, NULL, '::1', NULL, '56.5714', 'Speedo Meter', NULL, '2019-12-19 10:29:06', '2019-12-19 10:29:06'),
(1113, 25, NULL, '::1', NULL, '26', 'Speedo Meter', NULL, '2019-12-19 10:29:17', '2019-12-19 10:29:17'),
(1114, 24, NULL, '::1', '233', NULL, 'Compass', NULL, '2019-12-19 10:29:36', '2019-12-19 10:29:36'),
(1115, 22, NULL, '::1', '13.344564222710062', NULL, 'Speedo Meter', NULL, '2019-12-19 10:30:01', '2019-12-19 10:30:01'),
(1116, 21, NULL, '::1', NULL, '15.7142', 'Speedo Meter', NULL, '2019-12-19 10:30:15', '2019-12-19 10:30:15'),
(1117, 20, NULL, '::1', '295', NULL, 'Compass', NULL, '2019-12-19 10:30:31', '2019-12-19 10:30:31'),
(1118, 16, NULL, '::1', '3', NULL, 'Compass', NULL, '2019-12-19 10:30:54', '2019-12-19 10:30:54'),
(1119, 16, NULL, '::1', '31', NULL, 'Compass', NULL, '2019-12-19 10:31:29', '2019-12-19 10:31:29'),
(1120, 15, NULL, '::1', '-29.05930789014289', NULL, 'Speedo Meter', NULL, '2019-12-19 10:31:37', '2019-12-19 10:31:37'),
(1121, 14, NULL, '::1', '10', NULL, 'Compass', NULL, '2019-12-19 10:31:47', '2019-12-19 10:31:47'),
(1122, 16, NULL, '::1', '299', NULL, 'Compass', NULL, '2019-12-19 10:32:05', '2019-12-19 10:32:05'),
(1123, 16, NULL, '::1', '230', NULL, 'Compass', NULL, '2019-12-19 10:32:10', '2019-12-19 10:32:10'),
(1124, 16, NULL, '::1', '198', NULL, 'Compass', NULL, '2019-12-19 10:32:13', '2019-12-19 10:32:13'),
(1125, 16, NULL, '::1', '270', NULL, 'Compass', NULL, '2019-12-19 12:12:20', '2019-12-19 12:12:20');

--
-- Indexes for dumped tables
--

--
-- Indexes for table `tbl_companies`
--
ALTER TABLE `tbl_companies`
  ADD PRIMARY KEY (`id`);

--
-- Indexes for table `tbl_countries`
--
ALTER TABLE `tbl_countries`
  ADD PRIMARY KEY (`id`);

--
-- Indexes for table `tbl_galtons`
--
ALTER TABLE `tbl_galtons`
  ADD PRIMARY KEY (`id`);

--
-- Indexes for table `tbl_icons`
--
ALTER TABLE `tbl_icons`
  ADD PRIMARY KEY (`id`);

--
-- Indexes for table `tbl_payments`
--
ALTER TABLE `tbl_payments`
  ADD PRIMARY KEY (`id`);

--
-- Indexes for table `tbl_polls`
--
ALTER TABLE `tbl_polls`
  ADD PRIMARY KEY (`id`);

--
-- Indexes for table `tbl_poll_icons`
--
ALTER TABLE `tbl_poll_icons`
  ADD PRIMARY KEY (`id`);

--
-- Indexes for table `tbl_votes`
--
ALTER TABLE `tbl_votes`
  ADD PRIMARY KEY (`id`);

--
-- AUTO_INCREMENT for dumped tables
--

--
-- AUTO_INCREMENT for table `tbl_companies`
--
ALTER TABLE `tbl_companies`
  MODIFY `id` int(15) NOT NULL AUTO_INCREMENT, AUTO_INCREMENT=6;

--
-- AUTO_INCREMENT for table `tbl_countries`
--
ALTER TABLE `tbl_countries`
  MODIFY `id` int(3) NOT NULL AUTO_INCREMENT, AUTO_INCREMENT=247;

--
-- AUTO_INCREMENT for table `tbl_galtons`
--
ALTER TABLE `tbl_galtons`
  MODIFY `id` int(15) NOT NULL AUTO_INCREMENT, AUTO_INCREMENT=2;

--
-- AUTO_INCREMENT for table `tbl_icons`
--
ALTER TABLE `tbl_icons`
  MODIFY `id` int(15) NOT NULL AUTO_INCREMENT, AUTO_INCREMENT=22;

--
-- AUTO_INCREMENT for table `tbl_payments`
--
ALTER TABLE `tbl_payments`
  MODIFY `id` int(15) NOT NULL AUTO_INCREMENT;

--
-- AUTO_INCREMENT for table `tbl_polls`
--
ALTER TABLE `tbl_polls`
  MODIFY `id` int(15) NOT NULL AUTO_INCREMENT, AUTO_INCREMENT=26;

--
-- AUTO_INCREMENT for table `tbl_poll_icons`
--
ALTER TABLE `tbl_poll_icons`
  MODIFY `id` bigint(50) NOT NULL AUTO_INCREMENT, AUTO_INCREMENT=89;

--
-- AUTO_INCREMENT for table `tbl_votes`
--
ALTER TABLE `tbl_votes`
  MODIFY `id` bigint(50) NOT NULL AUTO_INCREMENT, AUTO_INCREMENT=1126;
COMMIT;

/*!40101 SET CHARACTER_SET_CLIENT=@OLD_CHARACTER_SET_CLIENT */;
/*!40101 SET CHARACTER_SET_RESULTS=@OLD_CHARACTER_SET_RESULTS */;
/*!40101 SET COLLATION_CONNECTION=@OLD_COLLATION_CONNECTION */;
